Rank,Algorrithm,Recall,Precision,F1-Score,Mathew,Feature,N-gram range
1,Run #289 (SVM),0.88,0.85,0.87,0.87, char ," (2, 5) "
2,Run #291 (SVM),0.88,0.84,0.86,0.86, char ," (2, 5) "
3,Run #290 (SVM),0.87,0.84,0.86,0.85, char ," (2, 5) "
4,Run #327 (SGDC),0.87,0.85,0.86,0.86, char ," (3, 4) "
5,Run #363 (SVM),0.82,0.88,0.85,0.85, char ," (3, 5) "
6,Run #327 (SVM),0.88,0.8,0.84,0.84, char ," (3, 4) "
7,Run #362 (SVM),0.8,0.88,0.84,0.84, char ," (3, 5) "
8,Run #301 (SVM),0.84,0.85,0.84,0.84, char ," (2, 5) "
9,Run #325 (SVM),0.89,0.79,0.84,0.84, char ," (3, 4) "
10,Run #253 (SVM),0.9,0.78,0.84,0.84, char ," (2, 4) "
11,Run #361 (SVM),0.82,0.87,0.84,0.84, char ," (3, 5) "
12,Run #219 (SGDC),0.84,0.84,0.84,0.84, char ," (2, 3) "
13,Run #218 (SGDC),0.86,0.81,0.83,0.83, char ," (2, 3) "
14,Run #253 (SGDC),0.85,0.81,0.83,0.83, char ," (2, 4) "
15,Run #305 (SVM),0.83,0.82,0.83,0.83, char ," (2, 5) "
16,Run #326 (SVM),0.86,0.8,0.83,0.83, char ," (3, 4) "
17,Run #373 (SVM),0.89,0.78,0.83,0.83, char ," (3, 5) "
18,Run #254 (SVM),0.87,0.78,0.83,0.83, char ," (2, 4) "
19,Run #255 (SVM),0.85,0.78,0.82,0.81, char ," (2, 4) "
20,Run #304 (SVM),0.83,0.81,0.82,0.82, char ," (2, 5) "
21,Run #391 (SGDC),0.89,0.77,0.82,0.82, char ," (3, 5) "
22,Run #303 (SVM),0.83,0.81,0.82,0.82, char ," (2, 5) "
23,Run #302 (SVM),0.83,0.81,0.82,0.82, char ," (2, 5) "
24,Run #109 (SVM),0.86,0.8,0.82,0.82, word ," (1, 2) "
25,Run #158 (SVM),0.89,0.75,0.82,0.82, word ," (2, 3) "
26,Run #301 (SGDC),0.86,0.78,0.82,0.82, char ," (2, 5) "
27,Run #181 (SVM),0.88,0.77,0.82,0.82, word ," (1, 3) "
28,Run #306 (SVM),0.83,0.81,0.82,0.82, char ," (2, 5) "
29,Run #110 (SVM),0.89,0.76,0.82,0.82, word ," (1, 2) "
30,Run #375 (SVM),0.88,0.77,0.82,0.82, char ," (3, 5) "
31,Run #217 (SGDC),0.85,0.8,0.82,0.82, char ," (2, 3) "
32,Run #159 (SVM),0.86,0.75,0.81,0.81, word ," (2, 3) "
33,Run #182 (SVM),0.88,0.76,0.81,0.81, word ," (1, 3) "
34,Run #339 (SVM),0.84,0.79,0.81,0.81, char ," (3, 4) "
35,Run #254 (SGDC),0.73,0.9,0.81,0.81, char ," (2, 4) "
36,Run #253 (RF),0.96,0.7,0.81,0.82, char ," (2, 4) "
37,Run #195 (SVM),0.82,0.8,0.81,0.81, word ," (1, 3) "
38,Run #193 (SVM),0.81,0.8,0.81,0.81, word ," (1, 3) "
39,Run #198 (SVM),0.81,0.8,0.81,0.81, word ," (1, 3) "
40,Run #374 (SVM),0.87,0.76,0.81,0.81, char ," (3, 5) "
41,Run #217 (SVM),0.84,0.79,0.81,0.81, char ," (2, 3) "
42,Run #377 (SVM),0.87,0.76,0.81,0.81, char ," (3, 5) "
43,Run #219 (SVM),0.83,0.8,0.81,0.81, char ," (2, 3) "
44,Run #378 (SVM),0.87,0.76,0.81,0.81, char ," (3, 5) "
45,Run #265 (SVM),0.81,0.81,0.81,0.81, char ," (2, 4) "
46,Run #194 (SVM),0.83,0.78,0.8,0.8, word ," (1, 3) "
47,Run #325 (SGDC),0.89,0.73,0.8,0.8, char ," (3, 4) "
48,Run #196 (SVM),0.81,0.79,0.8,0.8, word ," (1, 3) "
49,Run #197 (SVM),0.81,0.79,0.8,0.8, word ," (1, 3) "
50,Run #218 (SVM),0.82,0.78,0.8,0.8, char ," (2, 3) "
51,Run #162 (SVM),0.86,0.74,0.8,0.8, word ," (2, 3) "
52,Run #161 (SVM),0.86,0.74,0.8,0.8, word ," (2, 3) "
53,Run #337 (SGDC),0.76,0.85,0.8,0.8, char ," (3, 4) "
54,Run #266 (SVM),0.84,0.77,0.8,0.8, char ," (2, 4) "
55,Run #340 (SVM),0.81,0.79,0.8,0.8, char ," (3, 4) "
56,Run #342 (SVM),0.82,0.77,0.8,0.8, char ," (3, 4) "
57,Run #160 (SVM),0.86,0.74,0.8,0.8, word ," (2, 3) "
58,Run #341 (SVM),0.82,0.77,0.8,0.8, char ," (3, 4) "
59,Run #337 (SVM),0.82,0.76,0.79,0.79, char ," (3, 4) "
60,Run #234 (SVM),0.77,0.81,0.79,0.79, char ," (2, 3) "
61,Run #233 (SVM),0.81,0.78,0.79,0.79, char ," (2, 3) "
62,Run #265 (RF),0.92,0.69,0.79,0.79, char ," (2, 4) "
63,Run #111 (SVM),0.89,0.71,0.79,0.8, word ," (1, 2) "
64,Run #376 (SVM),0.87,0.73,0.79,0.8, char ," (3, 5) "
65,Run #183 (SVM),0.81,0.76,0.79,0.78, word ," (1, 3) "
66,Run #219 (RF),0.88,0.72,0.79,0.8, char ," (2, 3) "
67,Run #270 (SVM),0.83,0.76,0.79,0.79, char ," (2, 4) "
68,Run #269 (SVM),0.83,0.76,0.79,0.79, char ," (2, 4) "
69,Run #268 (SVM),0.84,0.74,0.79,0.79, char ," (2, 4) "
70,Run #230 (RF),0.86,0.72,0.79,0.79, char ," (2, 3) "
71,Run #267 (SVM),0.84,0.74,0.79,0.79, char ," (2, 4) "
72,Run #267 (RF),0.91,0.7,0.79,0.79, char ," (2, 4) "
73,Run #231 (RF),0.86,0.72,0.79,0.79, char ," (2, 3) "
74,Run #232 (RF),0.86,0.72,0.79,0.79, char ," (2, 3) "
75,Run #157 (SVM),0.84,0.74,0.79,0.79, word ," (2, 3) "
76,Run #254 (RF),0.9,0.7,0.79,0.79, char ," (2, 4) "
77,Run #255 (RF),0.92,0.7,0.79,0.8, char ," (2, 4) "
78,Run #266 (RF),0.94,0.69,0.79,0.8, char ," (2, 4) "
79,Run #231 (SVM),0.76,0.8,0.78,0.78, char ," (2, 3) "
80,Run #338 (SVM),0.82,0.75,0.78,0.78, char ," (3, 4) "
81,Run #335 (SVM),0.8,0.76,0.78,0.77, char ," (3, 4) "
82,Run #270 (RF),0.92,0.67,0.78,0.79, char ," (2, 4) "
83,Run #232 (SVM),0.76,0.8,0.78,0.78, char ," (2, 3) "
84,Run #290 (SGDC),0.89,0.69,0.78,0.78, char ," (2, 5) "
85,Run #361 (SGDC),0.82,0.74,0.78,0.78, char ," (3, 5) "
86,Run #375 (RF),0.92,0.68,0.78,0.79, char ," (3, 5) "
87,Run #374 (RF),0.92,0.68,0.78,0.79, char ," (3, 5) "
88,Run #327 (RF),0.95,0.66,0.78,0.79, char ," (3, 4) "
89,Run #233 (RF),0.86,0.71,0.78,0.78, char ," (2, 3) "
90,Run #319 (SVM),0.89,0.69,0.78,0.78, char ," (2, 5) "
91,Run #157 (SGDC),0.84,0.73,0.78,0.78, word ," (2, 3) "
92,Run #147 (SGDC),0.81,0.74,0.78,0.77, word ," (2, 3) "
93,Run #196 (SGDC),0.71,0.86,0.78,0.78, word ," (1, 3) "
94,Run #182 (SGDC),0.88,0.69,0.78,0.78, word ," (1, 3) "
95,Run #234 (RF),0.86,0.71,0.78,0.78, char ," (2, 3) "
96,Run #109 (RF),0.96,0.64,0.77,0.78, word ," (1, 2) "
97,Run #229 (RF),0.87,0.7,0.77,0.78, char ," (2, 3) "
98,Run #229 (SVM),0.73,0.81,0.77,0.77, char ," (2, 3) "
99,Run #145 (SVM),0.78,0.75,0.77,0.76, word ," (2, 3) "
100,Run #162 (SGDC),0.73,0.81,0.77,0.77, word ," (2, 3) "
101,Run #391 (SVM),0.85,0.7,0.77,0.77, char ," (3, 5) "
102,Run #302 (RF),0.92,0.66,0.77,0.78, char ," (2, 5) "
103,Run #362 (SGDC),0.72,0.82,0.77,0.77, char ," (3, 5) "
104,Run #255 (SGDC),0.87,0.7,0.77,0.78, char ," (2, 4) "
105,Run #336 (SGDC),0.76,0.77,0.77,0.76, char ," (3, 4) "
106,Run #268 (RF),0.91,0.67,0.77,0.78, char ," (2, 4) "
107,Run #230 (SVM),0.75,0.78,0.77,0.76, char ," (2, 3) "
108,Run #337 (RF),0.95,0.64,0.77,0.78, char ," (3, 4) "
109,Run #269 (RF),0.92,0.66,0.77,0.78, char ," (2, 4) "
110,Run #265 (SGDC),0.88,0.69,0.77,0.78, char ," (2, 4) "
111,Run #378 (RF),0.92,0.67,0.77,0.78, char ," (3, 5) "
112,Run #326 (RF),0.96,0.64,0.77,0.78, char ," (3, 4) "
113,Run #110 (SGDC),0.79,0.75,0.77,0.77, word ," (1, 2) "
114,Run #377 (RF),0.92,0.66,0.77,0.77, char ," (3, 5) "
115,Run #195 (SGDC),0.72,0.83,0.77,0.77, word ," (1, 3) "
116,Run #376 (SGDC),0.72,0.83,0.77,0.77, char ," (3, 5) "
117,Run #218 (RF),0.89,0.68,0.77,0.77, char ," (2, 3) "
118,Run #376 (RF),0.92,0.67,0.77,0.78, char ," (3, 5) "
119,Run #124 (SVM),0.76,0.77,0.77,0.77, word ," (1, 2) "
120,Run #217 (RF),0.9,0.67,0.77,0.77, char ," (2, 3) "
121,Run #123 (SVM),0.75,0.79,0.77,0.76, word ," (1, 2) "
122,Run #197 (SGDC),0.7,0.86,0.77,0.77, word ," (1, 3) "
123,Run #373 (RF),0.92,0.67,0.77,0.78, char ," (3, 5) "
124,Run #291 (SGDC),0.93,0.65,0.77,0.78, char ," (2, 5) "
125,Run #247 (SGDC),0.87,0.68,0.76,0.77, char ," (2, 3) "
126,Run #49 (SVM),0.76,0.76,0.76,0.76, word ," (2, 2) "
127,Run #198 (SGDC),0.71,0.82,0.76,0.76, word ," (1, 3) "
128,Run #147 (SVM),0.76,0.75,0.76,0.75, word ," (2, 3) "
129,Run #341 (RF),0.96,0.63,0.76,0.78, char ," (3, 4) "
130,Run #110 (RF),0.98,0.63,0.76,0.78, word ," (1, 2) "
131,Run #111 (RF),0.96,0.63,0.76,0.78, word ," (1, 2) "
132,Run #122 (SVM),0.76,0.76,0.76,0.76, word ," (1, 2) "
133,Run #73 (SVM),0.79,0.73,0.76,0.76, word ," (3, 3) "
134,Run #125 (SVM),0.75,0.77,0.76,0.76, word ," (1, 2) "
135,Run #363 (RF),0.87,0.68,0.76,0.77, char ," (3, 5) "
136,Run #146 (SVM),0.77,0.75,0.76,0.76, word ," (2, 3) "
137,Run #183 (SGDC),0.85,0.69,0.76,0.77, word ," (1, 3) "
138,Run #340 (RF),0.95,0.63,0.76,0.77, char ," (3, 4) "
139,Run #193 (SGDC),0.84,0.7,0.76,0.76, word ," (1, 3) "
140,Run #305 (RF),0.91,0.66,0.76,0.77, char ," (2, 5) "
141,Run #301 (RF),0.92,0.64,0.76,0.77, char ," (2, 5) "
142,Run #289 (RF),0.98,0.62,0.76,0.78, char ," (2, 5) "
143,Run #52 (SVM),0.72,0.79,0.75,0.75, word ," (2, 2) "
144,Run #160 (SGDC),0.69,0.82,0.75,0.75, word ," (2, 3) "
145,Run #161 (SGDC),0.72,0.79,0.75,0.75, word ," (2, 3) "
146,Run #126 (SVM),0.75,0.76,0.75,0.75, word ," (1, 2) "
147,Run #181 (SGDC),0.79,0.71,0.75,0.75, word ," (1, 3) "
148,Run #121 (SVM),0.72,0.79,0.75,0.75, word ," (1, 2) "
149,Run #51 (SVM),0.72,0.79,0.75,0.75, word ," (2, 2) "
150,Run #109 (SGDC),0.84,0.67,0.75,0.75, word ," (1, 2) "
151,Run #50 (SVM),0.71,0.8,0.75,0.75, word ," (2, 2) "
152,Run #306 (SGDC),0.66,0.88,0.75,0.76, char ," (2, 5) "
153,Run #305 (SGDC),0.66,0.86,0.75,0.75, char ," (2, 5) "
154,Run #325 (RF),0.93,0.63,0.75,0.76, char ," (3, 4) "
155,Run #303 (RF),0.94,0.63,0.75,0.77, char ," (2, 5) "
156,Run #334 (SVM),0.81,0.7,0.75,0.75, char ," (3, 4) "
157,Run #298 (RF),0.92,0.63,0.75,0.76, char ," (2, 5) "
158,Run #291 (RF),0.96,0.62,0.75,0.77, char ," (2, 5) "
159,Run #342 (RF),0.96,0.62,0.75,0.77, char ," (3, 4) "
160,Run #247 (RF),0.87,0.67,0.75,0.76, char ," (2, 3) "
161,Run #378 (SGDC),0.68,0.84,0.75,0.75, char ," (3, 5) "
162,Run #377 (SGDC),0.68,0.84,0.75,0.75, char ," (3, 5) "
163,Run #373 (SGDC),0.91,0.63,0.75,0.76, char ," (3, 5) "
164,Run #374 (SGDC),0.66,0.87,0.75,0.75, char ," (3, 5) "
165,Run #38 (SVM),0.78,0.73,0.75,0.75, word ," (2, 2) "
166,Run #115 (SGDC),0.85,0.65,0.74,0.74, word ," (1, 2) "
167,Run #336 (SVM),0.74,0.74,0.74,0.74, char ," (3, 4) "
168,Run #194 (SGDC),0.68,0.82,0.74,0.74, word ," (1, 3) "
169,Run #304 (SGDC),0.64,0.86,0.74,0.74, char ," (2, 5) "
170,Run #326 (SGDC),0.74,0.74,0.74,0.74, char ," (3, 4) "
171,Run #375 (SGDC),0.66,0.84,0.74,0.74, char ," (3, 5) "
172,Run #302 (SGDC),0.64,0.88,0.74,0.75, char ," (2, 5) "
173,Run #39 (SVM),0.75,0.73,0.74,0.74, word ," (2, 2) "
174,Run #335 (SGDC),0.74,0.75,0.74,0.74, char ," (3, 4) "
175,Run #159 (SGDC),0.68,0.8,0.74,0.73, word ," (2, 3) "
176,Run #54 (SVM),0.71,0.77,0.74,0.74, word ," (2, 2) "
177,Run #53 (SVM),0.71,0.77,0.74,0.74, word ," (2, 2) "
178,Run #146 (SGDC),0.8,0.69,0.74,0.74, word ," (2, 3) "
179,Run #37 (SVM),0.75,0.73,0.74,0.74, word ," (2, 2) "
180,Run #145 (SGDC),0.8,0.69,0.74,0.74, word ," (2, 3) "
181,Run #338 (RF),0.96,0.58,0.73,0.75, char ," (3, 4) "
182,Run #339 (RF),0.93,0.61,0.73,0.75, char ," (3, 4) "
183,Run #158 (SGDC),0.67,0.8,0.73,0.73, word ," (2, 3) "
184,Run #361 (RF),0.88,0.63,0.73,0.74, char ," (3, 5) "
185,Run #363 (SGDC),0.79,0.68,0.73,0.73, char ," (3, 5) "
186,Run #370 (SGDC),0.74,0.73,0.73,0.73, char ," (3, 5) "
187,Run #355 (SVM),0.77,0.69,0.73,0.73, char ," (3, 4) "
188,Run #319 (RF),0.94,0.59,0.73,0.74, char ," (2, 5) "
189,Run #266 (SGDC),0.63,0.86,0.73,0.73, char ," (2, 4) "
190,Run #306 (RF),0.9,0.62,0.73,0.74, char ," (2, 5) "
191,Run #290 (RF),0.96,0.59,0.73,0.75, char ," (2, 5) "
192,Run #300 (RF),0.94,0.6,0.73,0.75, char ," (2, 5) "
193,Run #299 (RF),0.94,0.6,0.73,0.75, char ," (2, 5) "
194,Run #205 (RF),0.89,0.62,0.73,0.74, word ," (1, 3) "
195,Run #289 (SGDC),0.88,0.6,0.72,0.73, char ," (2, 5) "
196,Run #205 (SVM),0.89,0.61,0.72,0.74, word ," (1, 3) "
197,Run #362 (RF),0.87,0.62,0.72,0.73, char ," (3, 5) "
198,Run #371 (SVM),0.78,0.66,0.72,0.71, char ," (3, 5) "
199,Run #283 (SVM),0.75,0.69,0.72,0.72, char ," (2, 4) "
200,Run #342 (SGDC),0.59,0.94,0.72,0.74, char ," (3, 4) "
201,Run #372 (SVM),0.78,0.66,0.72,0.71, char ," (3, 5) "
202,Run #298 (SVM),0.83,0.63,0.72,0.72, char ," (2, 5) "
203,Run #339 (SGDC),0.59,0.92,0.72,0.73, char ," (3, 4) "
204,Run #74 (SGDC),0.79,0.66,0.72,0.72, word ," (3, 3) "
205,Run #300 (SVM),0.83,0.63,0.72,0.72, char ," (2, 5) "
206,Run #270 (SGDC),0.61,0.88,0.72,0.73, char ," (2, 4) "
207,Run #229 (SGDC),0.81,0.64,0.72,0.72, char ," (2, 3) "
208,Run #303 (SGDC),0.61,0.88,0.72,0.73, char ," (2, 5) "
209,Run #304 (RF),0.9,0.6,0.72,0.73, char ," (2, 5) "
210,Run #319 (SGDC),0.82,0.65,0.72,0.73, char ," (2, 5) "
211,Run #391 (RF),0.88,0.62,0.72,0.73, char ," (3, 5) "
212,Run #370 (SVM),0.77,0.66,0.71,0.71, char ," (3, 5) "
213,Run #115 (RF),0.84,0.61,0.71,0.72, word ," (1, 2) "
214,Run #117 (RF),0.8,0.64,0.71,0.71, word ," (1, 2) "
215,Run #372 (SGDC),0.78,0.65,0.71,0.71, char ," (3, 5) "
216,Run #116 (RF),0.84,0.61,0.71,0.72, word ," (1, 2) "
217,Run #269 (SGDC),0.58,0.91,0.71,0.72, char ," (2, 4) "
218,Run #334 (SGDC),0.8,0.63,0.71,0.71, char ," (3, 4) "
219,Run #283 (RF),0.82,0.62,0.71,0.71, char ," (2, 4) "
220,Run #341 (SGDC),0.58,0.94,0.71,0.73, char ," (3, 4) "
221,Run #340 (SGDC),0.57,0.94,0.71,0.73, char ," (3, 4) "
222,Run #338 (SGDC),0.58,0.92,0.71,0.73, char ," (3, 4) "
223,Run #299 (SVM),0.84,0.62,0.71,0.72, char ," (2, 5) "
224,Run #227 (SVM),0.77,0.64,0.7,0.7, char ," (2, 3) "
225,Run #187 (SVM),0.82,0.61,0.7,0.71, word ," (1, 3) "
226,Run #189 (SVM),0.82,0.61,0.7,0.71, word ," (1, 3) "
227,Run #267 (SGDC),0.58,0.9,0.7,0.72, char ," (2, 4) "
228,Run #268 (SGDC),0.57,0.9,0.7,0.71, char ," (2, 4) "
229,Run #228 (RF),0.79,0.63,0.7,0.7, char ," (2, 3) "
230,Run #169 (RF),0.83,0.61,0.7,0.71, word ," (2, 3) "
231,Run #227 (RF),0.77,0.64,0.7,0.7, char ," (2, 3) "
232,Run #188 (SGDC),0.74,0.67,0.7,0.7, word ," (1, 3) "
233,Run #226 (SGDC),0.69,0.7,0.7,0.69, char ," (2, 3) "
234,Run #371 (SGDC),0.85,0.6,0.7,0.71, char ," (3, 5) "
235,Run #188 (SVM),0.82,0.61,0.7,0.71, word ," (1, 3) "
236,Run #1 (RF),0.96,0.55,0.7,0.72, word ," (1, 1) "
237,Run #74 (SVM),0.79,0.63,0.7,0.7, word ," (3, 3) "
238,Run #3 (RF),0.94,0.56,0.7,0.72, word ," (1, 1) "
239,Run #73 (SGDC),0.79,0.63,0.7,0.7, word ," (3, 3) "
240,Run #2 (RF),0.92,0.56,0.7,0.72, word ," (1, 1) "
241,Run #228 (SVM),0.73,0.66,0.69,0.69, char ," (2, 3) "
242,Run #296 (SVM),0.86,0.58,0.69,0.71, char ," (2, 5) "
243,Run #297 (SVM),0.86,0.58,0.69,0.71, char ," (2, 5) "
244,Run #2 (SVM),0.81,0.61,0.69,0.7, word ," (1, 1) "
245,Run #169 (SVM),0.82,0.6,0.69,0.7, word ," (2, 3) "
246,Run #226 (RF),0.75,0.64,0.69,0.69, char ," (2, 3) "
247,Run #226 (SVM),0.73,0.66,0.69,0.69, char ," (2, 3) "
248,Run #86 (SGDC),0.63,0.76,0.69,0.69, word ," (3, 3) "
249,Run #295 (SVM),0.86,0.58,0.69,0.71, char ," (2, 5) "
250,Run #264 (SGDC),0.73,0.65,0.69,0.69, char ," (2, 4) "
251,Run #75 (SGDC),0.75,0.65,0.69,0.69, word ," (3, 3) "
252,Run #75 (SVM),0.81,0.61,0.69,0.7, word ," (3, 3) "
253,Run #49 (SGDC),0.72,0.65,0.68,0.68, word ," (2, 2) "
254,Run #90 (SVM),0.76,0.62,0.68,0.69, word ," (3, 3) "
255,Run #124 (RF),0.91,0.55,0.68,0.7, word ," (1, 2) "
256,Run #297 (RF),0.82,0.58,0.68,0.69, char ," (2, 5) "
257,Run #349 (RF),0.84,0.57,0.68,0.69, char ," (3, 4) "
258,Run #223 (RF),0.79,0.59,0.68,0.68, char ," (2, 3) "
259,Run #175 (SGDC),0.72,0.64,0.68,0.68, word ," (2, 3) "
260,Run #121 (SGDC),0.68,0.67,0.68,0.67, word ," (1, 2) "
261,Run #111 (SGDC),0.79,0.6,0.68,0.69, word ," (1, 2) "
262,Run #224 (RF),0.79,0.59,0.68,0.68, char ," (2, 3) "
263,Run #85 (SVM),0.74,0.64,0.68,0.68, word ," (3, 3) "
264,Run #295 (RF),0.82,0.58,0.68,0.69, char ," (2, 5) "
265,Run #225 (RF),0.79,0.59,0.68,0.68, char ," (2, 3) "
266,Run #355 (SGDC),0.77,0.6,0.68,0.68, char ," (3, 4) "
267,Run #385 (SVM),0.77,0.59,0.67,0.67, char ," (3, 5) "
268,Run #296 (RF),0.88,0.53,0.67,0.69, char ," (2, 5) "
269,Run #349 (SVM),0.88,0.54,0.67,0.69, char ," (3, 4) "
270,Run #121 (RF),0.91,0.53,0.67,0.69, word ," (1, 2) "
271,Run #313 (SVM),0.79,0.58,0.67,0.68, char ," (2, 5) "
272,Run #133 (RF),0.85,0.55,0.67,0.68, word ," (1, 2) "
273,Run #369 (SGDC),0.67,0.68,0.67,0.67, char ," (3, 5) "
274,Run #336 (RF),0.86,0.55,0.67,0.69, char ," (3, 4) "
275,Run #17 (RF),0.95,0.51,0.67,0.7, word ," (1, 1) "
276,Run #370 (RF),0.89,0.54,0.67,0.69, char ," (3, 5) "
277,Run #18 (RF),0.95,0.51,0.67,0.7, word ," (1, 1) "
278,Run #86 (SVM),0.74,0.61,0.67,0.67, word ," (3, 3) "
279,Run #87 (SVM),0.74,0.61,0.67,0.67, word ," (3, 3) "
280,Run #261 (SVM),0.75,0.61,0.67,0.67, char ," (2, 4) "
281,Run #259 (SVM),0.75,0.61,0.67,0.67, char ," (2, 4) "
282,Run #88 (SVM),0.75,0.6,0.67,0.67, word ," (3, 3) "
283,Run #247 (SVM),0.83,0.56,0.67,0.68, char ," (2, 3) "
284,Run #89 (SVM),0.75,0.6,0.67,0.67, word ," (3, 3) "
285,Run #260 (SVM),0.75,0.61,0.67,0.67, char ," (2, 4) "
286,Run #329 (SVM),0.86,0.53,0.66,0.67, char ," (3, 4) "
287,Run #331 (SVM),0.86,0.53,0.66,0.67, char ," (3, 4) "
288,Run #333 (SVM),0.86,0.53,0.66,0.67, char ," (3, 4) "
289,Run #153 (SVM),0.85,0.54,0.66,0.68, word ," (2, 3) "
290,Run #152 (SVM),0.85,0.54,0.66,0.68, word ," (2, 3) "
291,Run #151 (SVM),0.85,0.54,0.66,0.68, word ," (2, 3) "
292,Run #162 (RF),0.93,0.51,0.66,0.69, word ," (2, 3) "
293,Run #16 (RF),0.95,0.5,0.66,0.69, word ," (1, 1) "
294,Run #277 (SVM),0.8,0.56,0.66,0.67, char ," (2, 4) "
295,Run #15 (RF),0.95,0.5,0.66,0.69, word ," (1, 1) "
296,Run #14 (RF),0.97,0.5,0.66,0.7, word ," (1, 1) "
297,Run #117 (SGDC),0.87,0.53,0.66,0.68, word ," (1, 2) "
298,Run #125 (RF),0.91,0.52,0.66,0.68, word ," (1, 2) "
299,Run #122 (RF),0.91,0.52,0.66,0.68, word ," (1, 2) "
300,Run #85 (SGDC),0.72,0.6,0.65,0.65, word ," (3, 3) "
301,Run #367 (SVM),0.81,0.54,0.65,0.66, char ," (3, 5) "
302,Run #87 (SGDC),0.58,0.74,0.65,0.65, word ," (3, 3) "
303,Run #263 (RF),0.79,0.56,0.65,0.66, char ," (2, 4) "
304,Run #331 (RF),0.86,0.52,0.65,0.66, char ," (3, 4) "
305,Run #368 (SVM),0.81,0.54,0.65,0.66, char ," (3, 5) "
306,Run #1 (SVM),0.82,0.54,0.65,0.66, word ," (1, 1) "
307,Run #321 (SVM),0.57,0.75,0.65,0.65, char ," (2, 5) "
308,Run #313 (RF),0.69,0.62,0.65,0.65, char ," (2, 5) "
309,Run #320 (SVM),0.57,0.75,0.65,0.65, char ," (2, 5) "
310,Run #323 (SVM),0.57,0.75,0.65,0.65, char ," (2, 5) "
311,Run #369 (SVM),0.81,0.54,0.65,0.66, char ," (3, 5) "
312,Run #322 (SVM),0.57,0.75,0.65,0.65, char ," (2, 5) "
313,Run #324 (SVM),0.57,0.75,0.65,0.65, char ," (2, 5) "
314,Run #3 (SVM),0.83,0.54,0.65,0.67, word ," (1, 1) "
315,Run #182 (RF),0.97,0.49,0.65,0.69, word ," (1, 3) "
316,Run #299 (SGDC),0.73,0.59,0.65,0.65, char ," (2, 5) "
317,Run #175 (RF),0.84,0.52,0.64,0.66, word ," (2, 3) "
318,Run #151 (RF),0.85,0.51,0.64,0.66, word ," (2, 3) "
319,Run #120 (SGDC),0.78,0.54,0.64,0.65, word ," (1, 2) "
320,Run #156 (RF),0.79,0.54,0.64,0.65, word ," (2, 3) "
321,Run #120 (RF),0.83,0.52,0.64,0.65, word ," (1, 2) "
322,Run #152 (RF),0.85,0.51,0.64,0.66, word ," (2, 3) "
323,Run #39 (SGDC),0.68,0.6,0.64,0.64, word ," (2, 2) "
324,Run #264 (RF),0.78,0.55,0.64,0.65, char ," (2, 4) "
325,Run #119 (SGDC),0.83,0.52,0.64,0.65, word ," (1, 2) "
326,Run #263 (SVM),0.76,0.55,0.64,0.64, char ," (2, 4) "
327,Run #118 (RF),0.83,0.52,0.64,0.65, word ," (1, 2) "
328,Run #183 (RF),0.97,0.48,0.64,0.68, word ," (1, 3) "
329,Run #211 (SVM),0.81,0.53,0.64,0.65, word ," (1, 3) "
330,Run #335 (RF),0.86,0.51,0.64,0.66, char ," (3, 4) "
331,Run #334 (RF),0.88,0.51,0.64,0.66, char ," (3, 4) "
332,Run #188 (RF),0.82,0.53,0.64,0.66, word ," (1, 3) "
333,Run #332 (RF),0.85,0.51,0.64,0.66, char ," (3, 4) "
334,Run #372 (RF),0.88,0.51,0.64,0.67, char ," (3, 5) "
335,Run #157 (RF),0.93,0.48,0.64,0.67, word ," (2, 3) "
336,Run #262 (SVM),0.76,0.55,0.64,0.64, char ," (2, 4) "
337,Run #333 (RF),0.85,0.51,0.64,0.66, char ," (3, 4) "
338,Run #153 (RF),0.85,0.51,0.64,0.66, word ," (2, 3) "
339,Run #89 (SGDC),0.58,0.7,0.64,0.64, word ," (3, 3) "
340,Run #13 (RF),0.97,0.47,0.64,0.68, word ," (1, 1) "
341,Run #300 (SGDC),0.52,0.78,0.63,0.63, char ," (2, 5) "
342,Run #189 (RF),0.77,0.53,0.63,0.64, word ," (1, 3) "
343,Run #197 (RF),0.9,0.49,0.63,0.66, word ," (1, 3) "
344,Run #262 (RF),0.8,0.52,0.63,0.65, char ," (2, 4) "
345,Run #283 (SGDC),0.86,0.5,0.63,0.65, char ," (2, 4) "
346,Run #74 (RF),0.93,0.48,0.63,0.66, word ," (3, 3) "
347,Run #385 (RF),0.77,0.54,0.63,0.64, char ," (3, 5) "
348,Run #228 (SGDC),0.61,0.66,0.63,0.63, char ," (2, 3) "
349,Run #332 (SVM),0.87,0.49,0.63,0.65, char ," (3, 4) "
350,Run #264 (SVM),0.75,0.53,0.63,0.63, char ," (2, 4) "
351,Run #262 (SGDC),0.77,0.53,0.63,0.64, char ," (2, 4) "
352,Run #123 (RF),0.88,0.49,0.63,0.66, word ," (1, 2) "
353,Run #190 (RF),0.9,0.47,0.62,0.65, word ," (1, 3) "
354,Run #328 (SVM),0.9,0.48,0.62,0.65, char ," (3, 4) "
355,Run #195 (RF),0.91,0.47,0.62,0.65, word ," (1, 3) "
356,Run #288 (RF),0.62,0.61,0.62,0.61, char ," (2, 4) "
357,Run #38 (SGDC),0.72,0.54,0.62,0.62, word ," (2, 2) "
358,Run #227 (SGDC),0.67,0.57,0.62,0.62, char ," (2, 3) "
359,Run #261 (RF),0.7,0.55,0.62,0.62, char ," (2, 4) "
360,Run #284 (RF),0.62,0.61,0.62,0.61, char ," (2, 4) "
361,Run #286 (RF),0.62,0.61,0.62,0.61, char ," (2, 4) "
362,Run #187 (RF),0.77,0.52,0.62,0.63, word ," (1, 3) "
363,Run #158 (RF),0.93,0.47,0.62,0.66, word ," (2, 3) "
364,Run #285 (RF),0.62,0.62,0.62,0.62, char ," (2, 4) "
365,Run #181 (RF),0.97,0.45,0.62,0.66, word ," (1, 3) "
366,Run #395 (SVM),0.52,0.75,0.62,0.62, char ," (3, 5) "
367,Run #394 (SVM),0.52,0.75,0.62,0.62, char ," (3, 5) "
368,Run #371 (RF),0.88,0.48,0.62,0.65, char ," (3, 5) "
369,Run #119 (RF),0.81,0.51,0.62,0.64, word ," (1, 2) "
370,Run #118 (SVM),0.85,0.48,0.62,0.64, word ," (1, 2) "
371,Run #393 (SVM),0.52,0.75,0.62,0.62, char ," (3, 5) "
372,Run #241 (RF),0.82,0.49,0.62,0.64, char ," (2, 3) "
373,Run #392 (SVM),0.52,0.75,0.62,0.62, char ," (3, 5) "
374,Run #90 (SGDC),0.52,0.75,0.62,0.62, word ," (3, 3) "
375,Run #191 (RF),0.92,0.45,0.61,0.65, word ," (1, 3) "
376,Run #234 (SGDC),0.45,0.91,0.61,0.64, char ," (2, 3) "
377,Run #161 (RF),0.93,0.46,0.61,0.65, word ," (2, 3) "
378,Run #67 (RF),0.75,0.51,0.61,0.62, word ," (2, 2) "
379,Run #355 (RF),0.81,0.49,0.61,0.63, char ," (3, 4) "
380,Run #38 (RF),0.95,0.44,0.61,0.65, word ," (2, 2) "
381,Run #249 (RF),0.61,0.61,0.61,0.61, char ," (2, 3) "
382,Run #392 (RF),0.65,0.57,0.61,0.6, char ," (3, 5) "
383,Run #155 (RF),0.78,0.5,0.61,0.62, word ," (2, 3) "
384,Run #120 (SVM),0.81,0.48,0.61,0.62, word ," (1, 2) "
385,Run #196 (RF),0.91,0.46,0.61,0.64, word ," (1, 3) "
386,Run #88 (SGDC),0.53,0.71,0.61,0.61, word ," (3, 3) "
387,Run #119 (SVM),0.81,0.48,0.61,0.62, word ," (1, 2) "
388,Run #52 (RF),0.89,0.45,0.6,0.63, word ," (2, 2) "
389,Run #194 (RF),0.89,0.46,0.6,0.64, word ," (1, 3) "
390,Run #330 (SVM),0.89,0.46,0.6,0.63, char ," (3, 4) "
391,Run #37 (SGDC),0.83,0.47,0.6,0.62, word ," (2, 2) "
392,Run #231 (SGDC),0.46,0.87,0.6,0.63, char ," (2, 3) "
393,Run #49 (RF),0.89,0.45,0.6,0.63, word ," (2, 2) "
394,Run #328 (RF),0.89,0.46,0.6,0.63, char ," (3, 4) "
395,Run #324 (RF),0.6,0.6,0.6,0.6, char ," (2, 5) "
396,Run #332 (SGDC),0.9,0.44,0.6,0.63, char ," (3, 4) "
397,Run #322 (RF),0.6,0.59,0.6,0.59, char ," (2, 5) "
398,Run #321 (RF),0.6,0.59,0.6,0.59, char ," (2, 5) "
399,Run #37 (RF),0.97,0.43,0.6,0.65, word ," (2, 2) "
400,Run #320 (RF),0.61,0.59,0.6,0.6, char ," (2, 5) "
401,Run #155 (SVM),0.71,0.52,0.6,0.61, word ," (2, 3) "
402,Run #126 (RF),0.87,0.45,0.6,0.63, word ," (1, 2) "
403,Run #154 (SVM),0.71,0.52,0.6,0.61, word ," (2, 3) "
404,Run #287 (RF),0.61,0.58,0.6,0.59, char ," (2, 4) "
405,Run #146 (RF),0.93,0.44,0.6,0.64, word ," (2, 3) "
406,Run #250 (RF),0.6,0.59,0.6,0.59, char ," (2, 3) "
407,Run #258 (RF),0.88,0.45,0.6,0.63, char ," (2, 4) "
408,Run #394 (RF),0.64,0.57,0.6,0.6, char ," (3, 5) "
409,Run #156 (SVM),0.7,0.52,0.6,0.6, word ," (2, 3) "
410,Run #259 (RF),0.7,0.52,0.6,0.6, char ," (2, 4) "
411,Run #260 (RF),0.71,0.52,0.6,0.61, char ," (2, 4) "
412,Run #256 (RF),0.88,0.44,0.59,0.62, char ," (2, 4) "
413,Run #159 (RF),0.93,0.44,0.59,0.63, word ," (2, 3) "
414,Run #233 (SGDC),0.44,0.9,0.59,0.63, char ," (2, 3) "
415,Run #154 (SGDC),0.55,0.63,0.59,0.58, word ," (2, 3) "
416,Run #256 (SVM),0.88,0.44,0.59,0.62, char ," (2, 4) "
417,Run #367 (RF),0.83,0.46,0.59,0.62, char ," (3, 5) "
418,Run #368 (RF),0.83,0.46,0.59,0.62, char ," (3, 5) "
419,Run #330 (RF),0.89,0.44,0.59,0.63, char ," (3, 4) "
420,Run #277 (RF),0.8,0.47,0.59,0.61, char ," (2, 4) "
421,Run #248 (RF),0.6,0.59,0.59,0.59, char ," (2, 3) "
422,Run #329 (RF),0.89,0.44,0.59,0.63, char ," (3, 4) "
423,Run #323 (RF),0.6,0.58,0.59,0.59, char ," (2, 5) "
424,Run #193 (RF),0.93,0.43,0.59,0.63, word ," (1, 3) "
425,Run #393 (RF),0.63,0.54,0.58,0.58, char ," (3, 5) "
426,Run #51 (RF),0.89,0.44,0.58,0.62, word ," (2, 2) "
427,Run #257 (RF),0.86,0.44,0.58,0.61, char ," (2, 4) "
428,Run #154 (RF),0.76,0.46,0.58,0.59, word ," (2, 3) "
429,Run #133 (SGDC),0.89,0.42,0.58,0.61, word ," (1, 2) "
430,Run #211 (RF),0.73,0.48,0.58,0.59, word ," (1, 3) "
431,Run #395 (RF),0.62,0.54,0.58,0.58, char ," (3, 5) "
432,Run #252 (RF),0.59,0.58,0.58,0.58, char ," (2, 3) "
433,Run #251 (RF),0.59,0.58,0.58,0.58, char ," (2, 3) "
434,Run #160 (RF),0.92,0.41,0.57,0.61, word ," (2, 3) "
435,Run #39 (RF),0.94,0.41,0.57,0.62, word ," (2, 2) "
436,Run #198 (RF),0.89,0.42,0.57,0.61, word ," (1, 3) "
437,Run #50 (RF),0.88,0.42,0.57,0.61, word ," (2, 2) "
438,Run #175 (SVM),0.69,0.49,0.57,0.58, word ," (2, 3) "
439,Run #123 (SGDC),0.43,0.84,0.57,0.59, word ," (1, 2) "
440,Run #369 (RF),0.82,0.44,0.57,0.6, char ," (3, 5) "
441,Run #263 (SGDC),0.75,0.45,0.57,0.58, char ," (2, 4) "
442,Run #75 (RF),0.92,0.41,0.57,0.62, word ," (3, 3) "
443,Run #85 (RF),0.87,0.42,0.57,0.61, word ," (3, 3) "
444,Run #211 (SGDC),0.59,0.55,0.57,0.57, word ," (1, 3) "
445,Run #122 (SGDC),0.43,0.85,0.57,0.6, word ," (1, 2) "
446,Run #53 (RF),0.88,0.42,0.57,0.61, word ," (2, 2) "
447,Run #125 (SGDC),0.43,0.84,0.57,0.59, word ," (1, 2) "
448,Run #147 (RF),0.95,0.41,0.57,0.62, word ," (2, 3) "
449,Run #126 (SGDC),0.43,0.84,0.57,0.6, word ," (1, 2) "
450,Run #54 (RF),0.86,0.42,0.57,0.6, word ," (2, 2) "
451,Run #48 (RF),0.69,0.47,0.56,0.57, word ," (2, 2) "
452,Run #145 (RF),0.93,0.4,0.56,0.6, word ," (2, 3) "
453,Run #103 (RF),0.78,0.43,0.56,0.58, word ," (3, 3) "
454,Run #271 (RF),0.89,0.41,0.56,0.6, char ," (2, 4) "
455,Run #256 (SGDC),0.77,0.44,0.56,0.58, char ," (2, 4) "
456,Run #343 (SVM),0.72,0.46,0.56,0.57, char ," (3, 4) "
457,Run #73 (RF),0.92,0.4,0.56,0.61, word ," (3, 3) "
458,Run #343 (RF),0.77,0.45,0.56,0.58, char ," (3, 4) "
459,Run #192 (RF),0.86,0.42,0.56,0.6, word ," (1, 3) "
460,Run #364 (SVM),0.8,0.42,0.55,0.58, char ," (3, 5) "
461,Run #307 (RF),0.83,0.41,0.55,0.58, char ," (2, 5) "
462,Run #257 (SVM),0.85,0.4,0.55,0.58, char ," (2, 4) "
463,Run #258 (SVM),0.85,0.4,0.55,0.58, char ," (2, 4) "
464,Run #343 (SGDC),0.78,0.42,0.55,0.57, char ," (3, 4) "
465,Run #235 (RF),0.81,0.41,0.55,0.58, char ," (2, 3) "
466,Run #230 (SGDC),0.4,0.88,0.55,0.59, char ," (2, 3) "
467,Run #156 (SGDC),0.66,0.46,0.55,0.55, word ," (2, 3) "
468,Run #124 (SGDC),0.41,0.84,0.55,0.58, word ," (1, 2) "
469,Run #13 (SVM),0.7,0.45,0.55,0.56, word ," (1, 1) "
470,Run #365 (SVM),0.82,0.42,0.55,0.58, char ," (3, 5) "
471,Run #87 (RF),0.89,0.4,0.55,0.59, word ," (3, 3) "
472,Run #366 (SVM),0.82,0.42,0.55,0.58, char ," (3, 5) "
473,Run #89 (RF),0.89,0.4,0.55,0.59, word ," (3, 3) "
474,Run #90 (RF),0.89,0.4,0.55,0.59, word ," (3, 3) "
475,Run #191 (SVM),0.78,0.42,0.54,0.57, word ," (1, 3) "
476,Run #248 (SVM),0.4,0.8,0.54,0.56, char ," (2, 3) "
477,Run #251 (SVM),0.4,0.8,0.54,0.56, char ," (2, 3) "
478,Run #271 (SVM),0.69,0.45,0.54,0.55, char ," (2, 4) "
479,Run #139 (RF),0.81,0.4,0.54,0.57, word ," (1, 2) "
480,Run #252 (SVM),0.4,0.8,0.54,0.56, char ," (2, 3) "
481,Run #139 (SVM),0.79,0.4,0.54,0.56, word ," (1, 2) "
482,Run #232 (SGDC),0.38,0.9,0.54,0.58, char ," (2, 3) "
483,Run #47 (RF),0.73,0.43,0.54,0.56, word ," (2, 2) "
484,Run #46 (RF),0.67,0.46,0.54,0.55, word ," (2, 2) "
485,Run #221 (RF),0.75,0.42,0.54,0.56, char ," (2, 3) "
486,Run #367 (SGDC),0.94,0.38,0.54,0.59, char ," (3, 5) "
487,Run #190 (SVM),0.78,0.42,0.54,0.57, word ," (1, 3) "
488,Run #250 (SVM),0.4,0.8,0.54,0.56, char ," (2, 3) "
489,Run #364 (RF),0.78,0.4,0.53,0.56, char ," (3, 5) "
490,Run #364 (SGDC),0.56,0.49,0.53,0.52, char ," (3, 5) "
491,Run #220 (RF),0.76,0.41,0.53,0.56, char ," (2, 3) "
492,Run #294 (RF),0.88,0.38,0.53,0.58, char ," (2, 5) "
493,Run #249 (SVM),0.4,0.8,0.53,0.56, char ," (2, 3) "
494,Run #192 (SVM),0.74,0.42,0.53,0.55, word ," (1, 3) "
495,Run #357 (SVM),0.4,0.74,0.52,0.54, char ," (3, 4) "
496,Run #358 (SVM),0.4,0.74,0.52,0.54, char ," (3, 4) "
497,Run #356 (SVM),0.4,0.74,0.52,0.54, char ," (3, 4) "
498,Run #307 (SVM),0.78,0.39,0.52,0.55, char ," (2, 5) "
499,Run #189 (SGDC),0.94,0.36,0.52,0.58, word ," (1, 3) "
500,Run #285 (SVM),0.39,0.78,0.52,0.54, char ," (2, 4) "
501,Run #385 (SGDC),0.88,0.36,0.51,0.56, char ," (3, 5) "
502,Run #358 (RF),0.49,0.54,0.51,0.51, char ," (3, 4) "
503,Run #359 (RF),0.49,0.53,0.51,0.5, char ," (3, 4) "
504,Run #359 (SVM),0.39,0.72,0.51,0.53, char ," (3, 4) "
505,Run #360 (SVM),0.39,0.74,0.51,0.53, char ," (3, 4) "
506,Run #287 (SVM),0.38,0.78,0.51,0.54, char ," (2, 4) "
507,Run #222 (RF),0.72,0.39,0.51,0.53, char ," (2, 3) "
508,Run #356 (RF),0.5,0.53,0.51,0.51, char ," (3, 4) "
509,Run #113 (RF),0.8,0.38,0.51,0.55, word ," (1, 2) "
510,Run #365 (RF),0.77,0.38,0.51,0.54, char ," (3, 5) "
511,Run #284 (SVM),0.37,0.78,0.5,0.53, char ," (2, 4) "
512,Run #163 (RF),0.76,0.37,0.5,0.53, word ," (2, 3) "
513,Run #357 (RF),0.49,0.51,0.5,0.5, char ," (3, 4) "
514,Run #288 (SVM),0.37,0.78,0.5,0.53, char ," (2, 4) "
515,Run #286 (SVM),0.37,0.78,0.5,0.53, char ," (2, 4) "
516,Run #379 (SVM),0.63,0.42,0.5,0.51, char ," (3, 5) "
517,Run #258 (SGDC),0.9,0.34,0.5,0.55, char ," (2, 4) "
518,Run #88 (RF),0.88,0.35,0.5,0.55, word ," (3, 3) "
519,Run #294 (SGDC),0.49,0.51,0.5,0.5, char ," (2, 5) "
520,Run #86 (RF),0.88,0.35,0.5,0.55, word ," (3, 3) "
521,Run #313 (SGDC),0.37,0.77,0.5,0.53, char ," (2, 5) "
522,Run #257 (SGDC),0.79,0.37,0.5,0.53, char ," (2, 4) "
523,Run #112 (RF),0.82,0.36,0.5,0.54, word ," (1, 2) "
524,Run #14 (SVM),0.4,0.65,0.5,0.51, word ," (1, 1) "
525,Run #328 (SGDC),0.49,0.5,0.49,0.49, char ," (3, 4) "
526,Run #360 (RF),0.49,0.5,0.49,0.49, char ," (3, 4) "
527,Run #366 (RF),0.78,0.36,0.49,0.53, char ," (3, 5) "
528,Run #379 (RF),0.73,0.37,0.49,0.52, char ," (3, 5) "
529,Run #114 (RF),0.82,0.35,0.49,0.53, word ," (1, 2) "
530,Run #292 (RF),0.84,0.34,0.49,0.53, char ," (2, 5) "
531,Run #293 (RF),0.87,0.34,0.49,0.54, char ," (2, 5) "
532,Run #139 (SGDC),0.77,0.36,0.49,0.52, word ," (1, 2) "
533,Run #118 (SGDC),0.79,0.35,0.48,0.52, word ," (1, 2) "
534,Run #18 (SVM),0.37,0.67,0.48,0.49, word ," (1, 1) "
535,Run #17 (SVM),0.38,0.67,0.48,0.5, word ," (1, 1) "
536,Run #11 (RF),0.64,0.39,0.48,0.49, word ," (1, 1) "
537,Run #16 (SVM),0.37,0.68,0.48,0.49, word ," (1, 1) "
538,Run #15 (SVM),0.38,0.67,0.48,0.5, word ," (1, 1) "
539,Run #12 (RF),0.63,0.37,0.47,0.48, word ," (1, 1) "
540,Run #191 (SGDC),0.57,0.4,0.47,0.48, word ," (1, 3) "
541,Run #222 (SVM),0.75,0.34,0.47,0.5, char ," (2, 3) "
542,Run #31 (RF),0.72,0.35,0.47,0.5, word ," (1, 1) "
543,Run #220 (SVM),0.75,0.34,0.47,0.5, char ," (2, 3) "
544,Run #293 (SVM),0.76,0.33,0.46,0.5, char ," (2, 5) "
545,Run #365 (SGDC),0.81,0.33,0.46,0.51, char ," (3, 5) "
546,Run #235 (SVM),0.84,0.32,0.46,0.51, char ," (2, 3) "
547,Run #294 (SVM),0.74,0.33,0.45,0.49, char ," (2, 5) "
548,Run #293 (SGDC),0.77,0.32,0.45,0.49, char ," (2, 5) "
549,Run #292 (SVM),0.74,0.33,0.45,0.49, char ," (2, 5) "
550,Run #221 (SVM),0.85,0.31,0.45,0.51, char ," (2, 3) "
551,Run #221 (SGDC),0.81,0.31,0.45,0.5, char ," (2, 3) "
552,Run #53 (SGDC),0.3,0.86,0.45,0.51, word ," (2, 2) "
553,Run #190 (SGDC),0.8,0.31,0.45,0.5, word ," (1, 3) "
554,Run #10 (RF),0.6,0.36,0.45,0.46, word ," (1, 1) "
555,Run #186 (RF),0.82,0.3,0.44,0.49, word ," (1, 3) "
556,Run #148 (RF),0.75,0.31,0.44,0.48, word ," (2, 3) "
557,Run #83 (RF),0.8,0.3,0.44,0.49, word ," (3, 3) "
558,Run #82 (RF),0.7,0.32,0.44,0.47, word ," (3, 3) "
559,Run #330 (SGDC),0.81,0.29,0.43,0.48, char ," (3, 4) "
560,Run #185 (RF),0.82,0.29,0.43,0.48, word ," (1, 3) "
561,Run #91 (RF),0.69,0.31,0.43,0.46, word ," (3, 3) "
562,Run #292 (SGDC),0.77,0.3,0.43,0.48, char ," (2, 5) "
563,Run #78 (RF),0.8,0.29,0.42,0.48, word ," (3, 3) "
564,Run #199 (RF),0.76,0.29,0.42,0.46, word ," (1, 3) "
565,Run #52 (SGDC),0.27,0.87,0.42,0.48, word ," (2, 2) "
566,Run #76 (RF),0.77,0.29,0.42,0.47, word ," (3, 3) "
567,Run #84 (RF),0.68,0.3,0.42,0.45, word ," (3, 3) "
568,Run #184 (RF),0.77,0.29,0.42,0.47, word ," (1, 3) "
569,Run #127 (RF),0.79,0.28,0.41,0.46, word ," (1, 2) "
570,Run #163 (SVM),0.71,0.29,0.41,0.45, word ," (2, 3) "
571,Run #149 (RF),0.74,0.28,0.41,0.45, word ," (2, 3) "
572,Run #51 (SGDC),0.26,0.87,0.4,0.47, word ," (2, 2) "
573,Run #186 (SVM),0.81,0.27,0.4,0.46, word ," (1, 3) "
574,Run #307 (SGDC),0.76,0.27,0.4,0.45, char ," (2, 5) "
575,Run #150 (RF),0.73,0.27,0.4,0.44, word ," (2, 3) "
576,Run #271 (SGDC),0.65,0.29,0.4,0.43, char ," (2, 4) "
577,Run #185 (SVM),0.81,0.27,0.4,0.46, word ," (1, 3) "
578,Run #184 (SVM),0.8,0.26,0.39,0.45, word ," (1, 3) "
579,Run #298 (SGDC),1.0,0.24,0.39,0.49, char ," (2, 5) "
580,Run #77 (SVM),0.79,0.26,0.39,0.45, word ," (3, 3) "
581,Run #366 (SGDC),0.77,0.26,0.39,0.44, char ," (3, 5) "
582,Run #50 (SGDC),0.25,0.89,0.39,0.47, word ," (2, 2) "
583,Run #176 (SVM),0.25,0.74,0.38,0.42, word ," (2, 3) "
584,Run #54 (SGDC),0.24,0.87,0.38,0.45, word ," (2, 2) "
585,Run #78 (SVM),0.81,0.25,0.38,0.45, word ," (3, 3) "
586,Run #76 (SVM),0.81,0.25,0.38,0.45, word ," (3, 3) "
587,Run #178 (SVM),0.25,0.72,0.37,0.41, word ," (2, 3) "
588,Run #91 (SVM),0.69,0.25,0.37,0.41, word ," (3, 3) "
589,Run #179 (SVM),0.25,0.72,0.37,0.42, word ," (2, 3) "
590,Run #329 (SGDC),0.79,0.24,0.37,0.44, char ," (3, 4) "
591,Run #6 (RF),0.83,0.24,0.37,0.44, word ," (1, 1) "
592,Run #150 (SVM),0.59,0.26,0.36,0.39, word ," (2, 3) "
593,Run #148 (SVM),0.59,0.26,0.36,0.39, word ," (2, 3) "
594,Run #77 (RF),0.74,0.24,0.36,0.42, word ," (3, 3) "
595,Run #4 (RF),0.74,0.24,0.36,0.42, word ," (1, 1) "
596,Run #222 (SGDC),0.74,0.24,0.36,0.42, char ," (2, 3) "
597,Run #323 (SGDC),0.23,0.87,0.36,0.43, char ," (2, 5) "
598,Run #177 (SVM),0.25,0.71,0.36,0.41, word ," (2, 3) "
599,Run #180 (SVM),0.25,0.71,0.36,0.41, word ," (2, 3) "
600,Run #349 (SGDC),1.0,0.21,0.35,0.46, char ," (3, 4) "
601,Run #149 (SVM),0.58,0.25,0.35,0.38, word ," (2, 3) "
602,Run #192 (SGDC),0.89,0.22,0.35,0.44, word ," (1, 3) "
603,Run #5 (RF),0.79,0.23,0.35,0.42, word ," (1, 1) "
604,Run #40 (RF),0.7,0.24,0.35,0.4, word ," (2, 2) "
605,Run #395 (SGDC),0.21,0.89,0.34,0.43, char ," (3, 5) "
606,Run #103 (SVM),0.53,0.25,0.34,0.36, word ," (3, 3) "
607,Run #112 (SVM),0.79,0.22,0.34,0.41, word ," (1, 2) "
608,Run #235 (SGDC),0.81,0.21,0.33,0.41, char ," (2, 3) "
609,Run #322 (SGDC),0.2,0.87,0.32,0.4, char ," (2, 5) "
610,Run #321 (SGDC),0.2,0.89,0.32,0.41, char ," (2, 5) "
611,Run #177 (RF),0.25,0.47,0.32,0.33, word ," (2, 3) "
612,Run #179 (RF),0.24,0.44,0.31,0.32, word ," (2, 3) "
613,Run #55 (RF),0.74,0.19,0.31,0.38, word ," (2, 2) "
614,Run #178 (RF),0.23,0.43,0.3,0.31, word ," (2, 3) "
615,Run #113 (SVM),0.84,0.18,0.3,0.39, word ," (1, 2) "
616,Run #71 (RF),0.21,0.57,0.3,0.33, word ," (2, 2) "
617,Run #320 (SGDC),0.18,0.89,0.3,0.39, char ," (2, 5) "
618,Run #176 (RF),0.23,0.43,0.3,0.31, word ," (2, 3) "
619,Run #42 (RF),0.71,0.19,0.3,0.37, word ," (2, 2) "
620,Run #41 (RF),0.71,0.19,0.3,0.37, word ," (2, 2) "
621,Run #213 (SVM),0.19,0.67,0.3,0.35, word ," (1, 3) "
622,Run #180 (RF),0.23,0.43,0.3,0.31, word ," (2, 3) "
623,Run #260 (SGDC),0.92,0.18,0.3,0.41, char ," (2, 4) "
624,Run #393 (SGDC),0.17,0.89,0.29,0.38, char ," (3, 5) "
625,Run #214 (SVM),0.18,0.67,0.29,0.34, word ," (1, 3) "
626,Run #212 (SVM),0.18,0.67,0.29,0.34, word ," (1, 3) "
627,Run #114 (SVM),0.76,0.18,0.29,0.37, word ," (1, 2) "
628,Run #141 (RF),0.22,0.45,0.29,0.3, word ," (1, 2) "
629,Run #215 (SVM),0.18,0.66,0.29,0.34, word ," (1, 3) "
630,Run #144 (SVM),0.17,0.85,0.29,0.37, word ," (1, 2) "
631,Run #72 (RF),0.2,0.55,0.29,0.32, word ," (2, 2) "
632,Run #199 (SVM),0.56,0.19,0.29,0.33, word ," (1, 3) "
633,Run #392 (SGDC),0.17,0.89,0.29,0.38, char ," (3, 5) "
634,Run #186 (SGDC),0.74,0.18,0.29,0.36, word ," (1, 3) "
635,Run #216 (SVM),0.19,0.67,0.29,0.35, word ," (1, 3) "
636,Run #259 (SGDC),0.92,0.16,0.28,0.39, char ," (2, 4) "
637,Run #250 (SGDC),0.16,0.97,0.28,0.39, char ," (2, 3) "
638,Run #261 (SGDC),1.0,0.16,0.28,0.4, char ," (2, 4) "
639,Run #252 (SGDC),0.17,0.97,0.28,0.39, char ," (2, 3) "
640,Run #68 (RF),0.19,0.53,0.28,0.31, word ," (2, 2) "
641,Run #69 (RF),0.19,0.51,0.28,0.3, word ," (2, 2) "
642,Run #390 (RF),0.17,0.76,0.28,0.35, char ," (3, 5) "
643,Run #387 (RF),0.17,0.76,0.28,0.35, char ," (3, 5) "
644,Run #19 (RF),0.87,0.17,0.28,0.38, word ," (1, 1) "
645,Run #143 (RF),0.21,0.43,0.28,0.29, word ," (1, 2) "
646,Run #142 (RF),0.21,0.43,0.28,0.29, word ," (1, 2) "
647,Run #141 (SVM),0.17,0.83,0.28,0.36, word ," (1, 2) "
648,Run #140 (RF),0.21,0.43,0.28,0.29, word ," (1, 2) "
649,Run #386 (RF),0.17,0.76,0.28,0.35, char ," (3, 5) "
650,Run #388 (RF),0.17,0.76,0.28,0.35, char ," (3, 5) "
651,Run #389 (RF),0.17,0.76,0.28,0.35, char ," (3, 5) "
652,Run #143 (SVM),0.16,0.82,0.27,0.36, word ," (1, 2) "
653,Run #140 (SVM),0.16,0.82,0.27,0.36, word ," (1, 2) "
654,Run #127 (SVM),0.64,0.17,0.27,0.33, word ," (1, 2) "
655,Run #70 (RF),0.18,0.5,0.27,0.29, word ," (2, 2) "
656,Run #144 (RF),0.2,0.4,0.27,0.27, word ," (1, 2) "
657,Run #249 (SGDC),0.16,0.97,0.27,0.38, char ," (2, 3) "
658,Run #220 (SGDC),0.92,0.15,0.27,0.38, char ," (2, 3) "
659,Run #142 (SVM),0.16,0.82,0.27,0.36, word ," (1, 2) "
660,Run #216 (RF),0.19,0.49,0.27,0.29, word ," (1, 3) "
661,Run #277 (SGDC),0.15,0.89,0.26,0.36, char ," (2, 4) "
662,Run #278 (RF),0.15,0.86,0.26,0.35, char ," (2, 4) "
663,Run #106 (RF),0.19,0.45,0.26,0.28, word ," (3, 3) "
664,Run #279 (RF),0.15,0.86,0.26,0.35, char ," (2, 4) "
665,Run #281 (RF),0.15,0.86,0.26,0.35, char ," (2, 4) "
666,Run #103 (SGDC),0.4,0.19,0.26,0.27, word ," (3, 3) "
667,Run #282 (RF),0.15,0.86,0.26,0.35, char ," (2, 4) "
668,Run #280 (RF),0.15,0.86,0.26,0.35, char ," (2, 4) "
669,Run #359 (SGDC),0.15,0.94,0.25,0.36, char ," (3, 4) "
670,Run #213 (RF),0.17,0.44,0.25,0.27, word ," (1, 3) "
671,Run #105 (RF),0.18,0.42,0.25,0.26, word ," (3, 3) "
672,Run #114 (SGDC),0.93,0.15,0.25,0.37, word ," (1, 2) "
673,Run #243 (RF),0.14,0.88,0.25,0.34, char ," (2, 3) "
674,Run #148 (SGDC),0.76,0.15,0.25,0.33, word ," (2, 3) "
675,Run #174 (RF),0.15,0.88,0.25,0.35, word ," (2, 3) "
676,Run #245 (RF),0.14,0.88,0.25,0.34, char ," (2, 3) "
677,Run #246 (RF),0.14,0.88,0.25,0.34, char ," (2, 3) "
678,Run #242 (RF),0.14,0.88,0.25,0.34, char ," (2, 3) "
679,Run #241 (SVM),0.14,0.88,0.25,0.34, char ," (2, 3) "
680,Run #394 (SGDC),0.14,0.89,0.25,0.35, char ," (3, 5) "
681,Run #248 (SGDC),0.14,0.97,0.25,0.36, char ," (2, 3) "
682,Run #173 (RF),0.15,0.88,0.25,0.35, word ," (2, 3) "
683,Run #172 (RF),0.15,0.88,0.25,0.35, word ," (2, 3) "
684,Run #171 (RF),0.15,0.88,0.25,0.35, word ," (2, 3) "
685,Run #170 (RF),0.15,0.88,0.25,0.35, word ," (2, 3) "
686,Run #324 (SGDC),0.15,0.88,0.25,0.35, char ," (2, 5) "
687,Run #244 (RF),0.14,0.88,0.25,0.34, char ," (2, 3) "
688,Run #251 (SGDC),0.14,0.97,0.24,0.35, char ," (2, 3) "
689,Run #107 (SVM),0.15,0.59,0.24,0.29, word ," (3, 3) "
690,Run #104 (RF),0.17,0.4,0.24,0.25, word ," (3, 3) "
691,Run #104 (SVM),0.15,0.58,0.24,0.28, word ," (3, 3) "
692,Run #105 (SVM),0.15,0.59,0.24,0.29, word ," (3, 3) "
693,Run #106 (SVM),0.15,0.58,0.24,0.28, word ," (3, 3) "
694,Run #107 (RF),0.17,0.4,0.24,0.25, word ," (3, 3) "
695,Run #214 (RF),0.17,0.42,0.24,0.25, word ," (1, 3) "
696,Run #108 (RF),0.17,0.41,0.24,0.26, word ," (3, 3) "
697,Run #212 (RF),0.17,0.42,0.24,0.25, word ," (1, 3) "
698,Run #284 (SGDC),0.14,0.93,0.24,0.34, char ," (2, 4) "
699,Run #356 (SGDC),0.14,0.96,0.24,0.35, char ," (3, 4) "
700,Run #108 (SVM),0.15,0.58,0.24,0.28, word ," (3, 3) "
701,Run #215 (RF),0.17,0.43,0.24,0.26, word ," (1, 3) "
702,Run #358 (SGDC),0.14,0.95,0.24,0.35, char ," (3, 4) "
703,Run #360 (SGDC),0.14,0.94,0.24,0.35, char ," (3, 4) "
704,Run #82 (SVM),0.38,0.16,0.23,0.24, word ," (3, 3) "
705,Run #83 (SVM),0.38,0.16,0.23,0.24, word ," (3, 3) "
706,Run #84 (SVM),0.38,0.16,0.23,0.24, word ," (3, 3) "
707,Run #312 (SVM),0.13,0.68,0.22,0.29, char ," (2, 5) "
708,Run #287 (SGDC),0.13,0.93,0.22,0.33, char ," (2, 4) "
709,Run #308 (SVM),0.13,0.68,0.22,0.29, char ," (2, 5) "
710,Run #309 (SVM),0.13,0.68,0.22,0.29, char ," (2, 5) "
711,Run #311 (SVM),0.13,0.68,0.22,0.29, char ," (2, 5) "
712,Run #285 (SGDC),0.13,0.94,0.22,0.33, char ," (2, 4) "
713,Run #350 (RF),0.13,0.86,0.22,0.32, char ," (3, 4) "
714,Run #149 (SGDC),0.63,0.14,0.22,0.29, word ," (2, 3) "
715,Run #384 (SVM),0.13,0.64,0.22,0.28, char ," (3, 5) "
716,Run #383 (SVM),0.13,0.64,0.22,0.28, char ," (3, 5) "
717,Run #351 (RF),0.13,0.86,0.22,0.32, char ," (3, 4) "
718,Run #382 (SVM),0.13,0.64,0.22,0.28, char ," (3, 5) "
719,Run #379 (SGDC),0.83,0.12,0.22,0.32, char ," (3, 5) "
720,Run #352 (RF),0.13,0.86,0.22,0.32, char ," (3, 4) "
721,Run #354 (RF),0.13,0.86,0.22,0.32, char ," (3, 4) "
722,Run #368 (SGDC),0.91,0.12,0.22,0.33, char ," (3, 5) "
723,Run #353 (RF),0.13,0.86,0.22,0.32, char ," (3, 4) "
724,Run #310 (SVM),0.12,0.66,0.21,0.27, char ," (2, 5) "
725,Run #381 (SVM),0.13,0.64,0.21,0.28, char ," (3, 5) "
726,Run #380 (SVM),0.13,0.64,0.21,0.28, char ," (3, 5) "
727,Run #357 (SGDC),0.12,0.94,0.21,0.32, char ," (3, 4) "
728,Run #237 (SVM),0.12,0.68,0.21,0.28, char ," (2, 3) "
729,Run #239 (SVM),0.12,0.71,0.21,0.28, char ," (2, 3) "
730,Run #137 (RF),0.12,0.8,0.21,0.29, word ," (1, 2) "
731,Run #138 (RF),0.12,0.8,0.21,0.29, word ," (1, 2) "
732,Run #144 (SGDC),0.12,0.94,0.21,0.32, word ," (1, 2) "
733,Run #236 (SVM),0.12,0.7,0.21,0.28, char ," (2, 3) "
734,Run #240 (SVM),0.12,0.68,0.21,0.28, char ," (2, 3) "
735,Run #185 (SGDC),0.85,0.12,0.21,0.31, word ," (1, 3) "
736,Run #238 (SVM),0.13,0.71,0.21,0.29, char ," (2, 3) "
737,Run #136 (RF),0.12,0.8,0.21,0.29, word ," (1, 2) "
738,Run #135 (RF),0.12,0.8,0.21,0.29, word ," (1, 2) "
739,Run #134 (RF),0.12,0.8,0.21,0.29, word ," (1, 2) "
740,Run #133 (SVM),0.12,0.8,0.21,0.29, word ," (1, 2) "
741,Run #36 (RF),0.13,0.48,0.2,0.24, word ," (1, 1) "
742,Run #35 (RF),0.12,0.47,0.2,0.23, word ," (1, 1) "
743,Run #212 (SGDC),0.11,0.95,0.2,0.31, word ," (1, 3) "
744,Run #163 (SGDC),0.39,0.13,0.2,0.22, word ," (2, 3) "
745,Run #276 (SVM),0.12,0.66,0.2,0.26, char ," (2, 4) "
746,Run #32 (RF),0.13,0.48,0.2,0.23, word ," (1, 1) "
747,Run #275 (SVM),0.12,0.64,0.2,0.26, char ," (2, 4) "
748,Run #274 (SVM),0.12,0.64,0.2,0.26, char ," (2, 4) "
749,Run #273 (SVM),0.12,0.66,0.2,0.26, char ," (2, 4) "
750,Run #34 (RF),0.13,0.48,0.2,0.24, word ," (1, 1) "
751,Run #272 (SVM),0.12,0.64,0.2,0.26, char ," (2, 4) "
752,Run #33 (RF),0.12,0.47,0.2,0.23, word ," (1, 1) "
753,Run #77 (SGDC),0.25,0.17,0.2,0.2, word ," (3, 3) "
754,Run #288 (SGDC),0.11,0.96,0.2,0.32, char ," (2, 4) "
755,Run #177 (SGDC),0.1,0.92,0.19,0.29, word ," (2, 3) "
756,Run #382 (RF),0.12,0.46,0.19,0.22, char ," (3, 5) "
757,Run #184 (SGDC),0.71,0.11,0.19,0.27, word ," (1, 3) "
758,Run #384 (RF),0.12,0.46,0.19,0.22, char ," (3, 5) "
759,Run #42 (SVM),0.62,0.11,0.19,0.26, word ," (2, 2) "
760,Run #344 (SVM),0.11,0.65,0.19,0.26, char ," (3, 4) "
761,Run #345 (SVM),0.11,0.65,0.19,0.26, char ," (3, 4) "
762,Run #346 (SVM),0.11,0.65,0.19,0.26, char ," (3, 4) "
763,Run #40 (SVM),0.62,0.11,0.19,0.26, word ," (2, 2) "
764,Run #347 (SVM),0.11,0.65,0.19,0.26, char ," (3, 4) "
765,Run #41 (SVM),0.67,0.11,0.19,0.27, word ," (2, 2) "
766,Run #348 (SVM),0.11,0.65,0.19,0.26, char ," (3, 4) "
767,Run #2 (SGDC),0.69,0.11,0.19,0.27, word ," (1, 1) "
768,Run #286 (SGDC),0.1,0.96,0.18,0.3, char ," (2, 4) "
769,Run #214 (SGDC),0.1,0.94,0.18,0.29, word ," (1, 3) "
770,Run #381 (RF),0.12,0.43,0.18,0.21, char ," (3, 5) "
771,Run #179 (SGDC),0.1,0.94,0.18,0.29, word ," (2, 3) "
772,Run #176 (SGDC),0.1,0.94,0.18,0.29, word ," (2, 3) "
773,Run #383 (RF),0.12,0.43,0.18,0.21, char ," (3, 5) "
774,Run #380 (RF),0.12,0.43,0.18,0.21, char ," (3, 5) "
775,Run #310 (RF),0.11,0.43,0.18,0.21, char ," (2, 5) "
776,Run #348 (RF),0.11,0.47,0.17,0.21, char ," (3, 4) "
777,Run #347 (RF),0.11,0.47,0.17,0.21, char ," (3, 4) "
778,Run #346 (RF),0.1,0.46,0.17,0.21, char ," (3, 4) "
779,Run #345 (RF),0.11,0.47,0.17,0.21, char ," (3, 4) "
780,Run #344 (RF),0.1,0.46,0.17,0.2, char ," (3, 4) "
781,Run #312 (RF),0.11,0.41,0.17,0.2, char ," (2, 5) "
782,Run #311 (RF),0.11,0.41,0.17,0.2, char ," (2, 5) "
783,Run #96 (SGDC),0.1,0.77,0.17,0.25, word ," (3, 3) "
784,Run #95 (SVM),0.1,0.67,0.17,0.24, word ," (3, 3) "
785,Run #309 (RF),0.11,0.41,0.17,0.2, char ," (2, 5) "
786,Run #308 (RF),0.11,0.41,0.17,0.2, char ," (2, 5) "
787,Run #93 (SVM),0.1,0.67,0.17,0.24, word ," (3, 3) "
788,Run #180 (SGDC),0.09,0.94,0.17,0.28, word ," (2, 3) "
789,Run #94 (SVM),0.1,0.67,0.17,0.24, word ," (3, 3) "
790,Run #96 (SVM),0.1,0.67,0.17,0.24, word ," (3, 3) "
791,Run #95 (SGDC),0.09,0.77,0.17,0.25, word ," (3, 3) "
792,Run #94 (SGDC),0.1,0.77,0.17,0.26, word ," (3, 3) "
793,Run #243 (SVM),0.09,0.93,0.17,0.28, char ," (2, 3) "
794,Run #239 (RF),0.11,0.38,0.17,0.19, char ," (2, 3) "
795,Run #244 (SVM),0.09,0.93,0.17,0.28, char ," (2, 3) "
796,Run #92 (SGDC),0.09,0.77,0.17,0.25, word ," (3, 3) "
797,Run #91 (SGDC),0.09,0.77,0.17,0.25, word ," (3, 3) "
798,Run #84 (SGDC),0.6,0.1,0.17,0.24, word ," (3, 3) "
799,Run #46 (SVM),0.53,0.1,0.17,0.23, word ," (2, 2) "
800,Run #236 (RF),0.11,0.37,0.17,0.18, char ," (2, 3) "
801,Run #93 (SGDC),0.09,0.77,0.17,0.25, word ," (3, 3) "
802,Run #237 (RF),0.11,0.37,0.17,0.18, char ," (2, 3) "
803,Run #238 (RF),0.11,0.37,0.17,0.18, char ," (2, 3) "
804,Run #246 (SVM),0.09,0.93,0.17,0.28, char ," (2, 3) "
805,Run #245 (SVM),0.09,0.93,0.17,0.28, char ," (2, 3) "
806,Run #213 (SGDC),0.09,0.94,0.17,0.28, word ," (1, 3) "
807,Run #242 (SVM),0.09,0.93,0.17,0.28, char ," (2, 3) "
808,Run #92 (SVM),0.1,0.67,0.17,0.24, word ," (3, 3) "
809,Run #207 (RF),0.09,0.91,0.16,0.27, word ," (1, 3) "
810,Run #281 (SVM),0.09,0.93,0.16,0.27, char ," (2, 4) "
811,Run #174 (SVM),0.09,0.92,0.16,0.27, word ," (2, 3) "
812,Run #279 (SGDC),0.09,0.93,0.16,0.27, char ," (2, 4) "
813,Run #279 (SVM),0.09,0.93,0.16,0.27, char ," (2, 4) "
814,Run #208 (SVM),0.09,0.91,0.16,0.27, word ," (1, 3) "
815,Run #280 (SGDC),0.09,0.93,0.16,0.27, char ," (2, 4) "
816,Run #280 (SVM),0.09,0.93,0.16,0.27, char ," (2, 4) "
817,Run #173 (SVM),0.09,0.92,0.16,0.27, word ," (2, 3) "
818,Run #281 (SGDC),0.09,0.93,0.16,0.27, char ," (2, 4) "
819,Run #172 (SVM),0.09,0.92,0.16,0.27, word ," (2, 3) "
820,Run #206 (SVM),0.09,0.91,0.16,0.27, word ," (1, 3) "
821,Run #282 (SGDC),0.09,0.93,0.16,0.27, char ," (2, 4) "
822,Run #282 (SVM),0.09,0.93,0.16,0.27, char ," (2, 4) "
823,Run #209 (SVM),0.09,0.91,0.16,0.27, word ," (1, 3) "
824,Run #172 (SGDC),0.09,0.92,0.16,0.27, word ," (2, 3) "
825,Run #240 (RF),0.1,0.35,0.16,0.18, char ," (2, 3) "
826,Run #208 (SGDC),0.09,0.91,0.16,0.27, word ," (1, 3) "
827,Run #171 (SVM),0.09,0.92,0.16,0.27, word ," (2, 3) "
828,Run #170 (SVM),0.09,0.92,0.16,0.27, word ," (2, 3) "
829,Run #278 (SVM),0.09,0.93,0.16,0.27, char ," (2, 4) "
830,Run #278 (SGDC),0.09,0.93,0.16,0.27, char ," (2, 4) "
831,Run #207 (SGDC),0.09,0.91,0.16,0.27, word ," (1, 3) "
832,Run #210 (SVM),0.09,0.91,0.16,0.27, word ," (1, 3) "
833,Run #206 (SGDC),0.09,0.91,0.16,0.27, word ," (1, 3) "
834,Run #206 (RF),0.09,0.91,0.16,0.27, word ," (1, 3) "
835,Run #272 (RF),0.1,0.41,0.16,0.19, char ," (2, 4) "
836,Run #210 (RF),0.09,0.91,0.16,0.27, word ," (1, 3) "
837,Run #273 (RF),0.1,0.41,0.16,0.19, char ," (2, 4) "
838,Run #382 (SGDC),0.09,0.84,0.16,0.26, char ," (3, 5) "
839,Run #207 (SVM),0.09,0.91,0.16,0.27, word ," (1, 3) "
840,Run #142 (SGDC),0.09,0.98,0.16,0.27, word ," (1, 2) "
841,Run #275 (RF),0.1,0.43,0.16,0.2, char ," (2, 4) "
842,Run #208 (RF),0.09,0.91,0.16,0.27, word ," (1, 3) "
843,Run #276 (RF),0.1,0.41,0.16,0.18, char ," (2, 4) "
844,Run #215 (SGDC),0.09,0.97,0.16,0.27, word ," (1, 3) "
845,Run #209 (RF),0.09,0.91,0.16,0.27, word ," (1, 3) "
846,Run #178 (SGDC),0.09,0.93,0.16,0.27, word ," (2, 3) "
847,Run #92 (RF),0.08,0.55,0.15,0.2, word ," (3, 3) "
848,Run #96 (RF),0.09,0.56,0.15,0.2, word ," (3, 3) "
849,Run #94 (RF),0.09,0.56,0.15,0.2, word ," (3, 3) "
850,Run #381 (SGDC),0.08,0.88,0.15,0.25, char ," (3, 5) "
851,Run #78 (SGDC),1.0,0.08,0.15,0.29, word ," (3, 3) "
852,Run #95 (RF),0.09,0.56,0.15,0.2, word ," (3, 3) "
853,Run #93 (RF),0.09,0.56,0.15,0.2, word ," (3, 3) "
854,Run #155 (SGDC),0.7,0.08,0.15,0.24, word ," (2, 3) "
855,Run #17 (SGDC),0.08,0.87,0.15,0.25, word ," (1, 1) "
856,Run #308 (SGDC),0.08,0.87,0.15,0.25, char ," (2, 5) "
857,Run #16 (SGDC),0.08,0.9,0.15,0.25, word ," (1, 1) "
858,Run #143 (SGDC),0.08,0.94,0.15,0.26, word ," (1, 2) "
859,Run #353 (SVM),0.08,0.91,0.15,0.26, char ," (3, 4) "
860,Run #240 (SGDC),0.08,0.88,0.15,0.25, char ," (2, 3) "
861,Run #350 (SGDC),0.08,0.91,0.15,0.26, char ," (3, 4) "
862,Run #350 (SVM),0.08,0.91,0.15,0.26, char ," (3, 4) "
863,Run #351 (SGDC),0.08,0.91,0.15,0.26, char ," (3, 4) "
864,Run #82 (SGDC),0.67,0.09,0.15,0.24, word ," (3, 3) "
865,Run #351 (SVM),0.08,0.91,0.15,0.26, char ," (3, 4) "
866,Run #352 (SVM),0.08,0.91,0.15,0.26, char ," (3, 4) "
867,Run #352 (SGDC),0.08,0.91,0.15,0.26, char ," (3, 4) "
868,Run #354 (SGDC),0.08,0.91,0.15,0.26, char ," (3, 4) "
869,Run #354 (SVM),0.08,0.91,0.15,0.26, char ," (3, 4) "
870,Run #274 (RF),0.1,0.41,0.15,0.18, char ," (2, 4) "
871,Run #15 (SGDC),0.08,0.9,0.15,0.25, word ," (1, 1) "
872,Run #55 (SVM),0.6,0.08,0.15,0.22, word ," (2, 2) "
873,Run #128 (SVM),0.08,0.72,0.14,0.22, word ," (1, 2) "
874,Run #315 (RF),0.08,0.89,0.14,0.24, char ," (2, 5) "
875,Run #132 (SVM),0.08,0.72,0.14,0.22, word ," (1, 2) "
876,Run #131 (RF),0.08,0.62,0.14,0.2, word ," (1, 2) "
877,Run #132 (RF),0.08,0.62,0.14,0.2, word ," (1, 2) "
878,Run #129 (SVM),0.08,0.72,0.14,0.22, word ," (1, 2) "
879,Run #131 (SVM),0.08,0.72,0.14,0.22, word ," (1, 2) "
880,Run #314 (RF),0.08,0.89,0.14,0.24, char ," (2, 5) "
881,Run #314 (SGDC),0.08,0.89,0.14,0.24, char ," (2, 5) "
882,Run #314 (SVM),0.08,0.89,0.14,0.24, char ," (2, 5) "
883,Run #315 (SVM),0.08,0.89,0.14,0.24, char ," (2, 5) "
884,Run #315 (SGDC),0.08,0.89,0.14,0.24, char ," (2, 5) "
885,Run #165 (SGDC),0.08,0.7,0.14,0.22, word ," (2, 3) "
886,Run #72 (SVM),0.07,0.72,0.14,0.22, word ," (2, 2) "
887,Run #71 (SVM),0.08,0.74,0.14,0.22, word ," (2, 2) "
888,Run #18 (SGDC),0.08,0.91,0.14,0.25, word ," (1, 1) "
889,Run #141 (SGDC),0.08,0.96,0.14,0.26, word ," (1, 2) "
890,Run #70 (SVM),0.08,0.74,0.14,0.22, word ," (2, 2) "
891,Run #69 (SVM),0.08,0.74,0.14,0.22, word ," (2, 2) "
892,Run #68 (SVM),0.08,0.74,0.14,0.22, word ," (2, 2) "
893,Run #67 (SVM),0.08,0.74,0.14,0.22, word ," (2, 2) "
894,Run #130 (SVM),0.08,0.72,0.14,0.22, word ," (1, 2) "
895,Run #140 (SGDC),0.08,0.95,0.14,0.25, word ," (1, 2) "
896,Run #237 (SGDC),0.08,0.89,0.14,0.25, char ," (2, 3) "
897,Run #318 (SVM),0.08,0.89,0.14,0.24, char ," (2, 5) "
898,Run #318 (SGDC),0.08,0.89,0.14,0.24, char ," (2, 5) "
899,Run #318 (RF),0.08,0.89,0.14,0.24, char ," (2, 5) "
900,Run #317 (SVM),0.08,0.89,0.14,0.24, char ," (2, 5) "
901,Run #317 (SGDC),0.08,0.89,0.14,0.24, char ," (2, 5) "
902,Run #317 (RF),0.08,0.89,0.14,0.24, char ," (2, 5) "
903,Run #316 (SVM),0.08,0.89,0.14,0.24, char ," (2, 5) "
904,Run #316 (SGDC),0.08,0.89,0.14,0.24, char ," (2, 5) "
905,Run #389 (SVM),0.08,0.91,0.14,0.25, char ," (3, 5) "
906,Run #389 (SGDC),0.08,0.91,0.14,0.25, char ," (3, 5) "
907,Run #316 (RF),0.08,0.89,0.14,0.24, char ," (2, 5) "
908,Run #216 (SGDC),0.08,0.97,0.14,0.25, word ," (1, 3) "
909,Run #387 (SGDC),0.08,0.91,0.14,0.25, char ," (3, 5) "
910,Run #388 (SVM),0.08,0.91,0.14,0.25, char ," (3, 5) "
911,Run #386 (SVM),0.08,0.91,0.14,0.25, char ," (3, 5) "
912,Run #390 (SVM),0.08,0.91,0.14,0.25, char ," (3, 5) "
913,Run #388 (SGDC),0.08,0.91,0.14,0.25, char ," (3, 5) "
914,Run #387 (SVM),0.08,0.91,0.14,0.25, char ," (3, 5) "
915,Run #166 (SVM),0.07,0.61,0.13,0.19, word ," (2, 3) "
916,Run #167 (RF),0.07,0.6,0.13,0.19, word ," (2, 3) "
917,Run #128 (RF),0.08,0.61,0.13,0.2, word ," (1, 2) "
918,Run #276 (SGDC),0.07,0.87,0.13,0.24, char ," (2, 4) "
919,Run #168 (RF),0.08,0.61,0.13,0.2, word ," (2, 3) "
920,Run #167 (SVM),0.07,0.62,0.13,0.2, word ," (2, 3) "
921,Run #137 (SVM),0.07,0.84,0.13,0.23, word ," (1, 2) "
922,Run #168 (SGDC),0.07,0.7,0.13,0.2, word ," (2, 3) "
923,Run #129 (RF),0.08,0.61,0.13,0.2, word ," (1, 2) "
924,Run #168 (SVM),0.07,0.62,0.13,0.2, word ," (2, 3) "
925,Run #166 (SGDC),0.07,0.7,0.13,0.21, word ," (2, 3) "
926,Run #165 (RF),0.08,0.61,0.13,0.2, word ," (2, 3) "
927,Run #47 (SVM),0.46,0.07,0.13,0.18, word ," (2, 2) "
928,Run #130 (RF),0.08,0.61,0.13,0.2, word ," (1, 2) "
929,Run #165 (SVM),0.07,0.62,0.13,0.2, word ," (2, 3) "
930,Run #164 (RF),0.07,0.62,0.13,0.19, word ," (2, 3) "
931,Run #83 (SGDC),0.64,0.08,0.13,0.22, word ," (3, 3) "
932,Run #138 (SGDC),0.07,0.84,0.13,0.23, word ," (1, 2) "
933,Run #138 (SVM),0.07,0.84,0.13,0.23, word ," (1, 2) "
934,Run #164 (SGDC),0.07,0.7,0.13,0.2, word ," (2, 3) "
935,Run #164 (SVM),0.07,0.62,0.13,0.2, word ," (2, 3) "
936,Run #380 (SGDC),0.07,0.9,0.13,0.23, char ," (3, 5) "
937,Run #134 (SGDC),0.07,0.84,0.13,0.23, word ," (1, 2) "
938,Run #134 (SVM),0.07,0.84,0.13,0.23, word ," (1, 2) "
939,Run #136 (SVM),0.07,0.84,0.13,0.23, word ," (1, 2) "
940,Run #135 (SVM),0.07,0.84,0.13,0.23, word ," (1, 2) "
941,Run #204 (SVM),0.07,0.64,0.12,0.19, word ," (1, 3) "
942,Run #202 (SVM),0.07,0.64,0.12,0.19, word ," (1, 3) "
943,Run #383 (SGDC),0.07,0.89,0.12,0.22, char ," (3, 5) "
944,Run #201 (SVM),0.07,0.64,0.12,0.19, word ," (1, 3) "
945,Run #312 (SGDC),0.06,0.89,0.12,0.22, char ," (2, 5) "
946,Run #167 (SGDC),0.07,0.69,0.12,0.2, word ," (2, 3) "
947,Run #309 (SGDC),0.06,0.89,0.12,0.22, char ," (2, 5) "
948,Run #166 (RF),0.07,0.61,0.12,0.19, word ," (2, 3) "
949,Run #203 (SVM),0.07,0.64,0.12,0.19, word ," (1, 3) "
950,Run #14 (SGDC),0.06,0.95,0.12,0.23, word ," (1, 1) "
951,Run #384 (SGDC),0.06,0.89,0.12,0.22, char ," (3, 5) "
952,Run #200 (SVM),0.07,0.64,0.12,0.19, word ," (1, 3) "
953,Run #203 (SGDC),0.06,0.68,0.12,0.19, word ," (1, 3) "
954,Run #311 (SGDC),0.07,0.89,0.12,0.23, char ," (2, 5) "
955,Run #347 (SGDC),0.06,0.89,0.11,0.21, char ," (3, 4) "
956,Run #348 (SGDC),0.06,0.87,0.11,0.21, char ," (3, 4) "
957,Run #344 (SGDC),0.06,0.87,0.11,0.21, char ," (3, 4) "
958,Run #201 (SGDC),0.06,0.68,0.11,0.18, word ," (1, 3) "
959,Run #113 (SGDC),0.83,0.06,0.11,0.22, word ," (1, 2) "
960,Run #200 (SGDC),0.06,0.68,0.11,0.18, word ," (1, 3) "
961,Run #346 (SGDC),0.06,0.89,0.11,0.21, char ," (3, 4) "
962,Run #239 (SGDC),0.06,0.91,0.11,0.21, char ," (2, 3) "
963,Run #345 (SGDC),0.06,0.87,0.11,0.2, char ," (3, 4) "
964,Run #48 (SVM),0.42,0.06,0.11,0.16, word ," (2, 2) "
965,Run #310 (SGDC),0.06,0.9,0.11,0.21, char ," (2, 5) "
966,Run #246 (SGDC),0.05,0.95,0.1,0.19, char ," (2, 3) "
967,Run #48 (SGDC),0.25,0.06,0.1,0.12, word ," (2, 2) "
968,Run #275 (SGDC),0.05,0.89,0.1,0.2, char ," (2, 4) "
969,Run #274 (SGDC),0.05,0.91,0.1,0.2, char ," (2, 4) "
970,Run #236 (SGDC),0.06,0.91,0.1,0.21, char ," (2, 3) "
971,Run #13 (SGDC),0.8,0.05,0.1,0.2, word ," (1, 1) "
972,Run #238 (SGDC),0.05,0.91,0.1,0.2, char ," (2, 3) "
973,Run #272 (SGDC),0.05,0.91,0.1,0.2, char ," (2, 4) "
974,Run #273 (SGDC),0.05,0.89,0.1,0.2, char ," (2, 4) "
975,Run #19 (SGDC),0.05,0.55,0.1,0.15, word ," (1, 1) "
976,Run #333 (SGDC),1.0,0.05,0.09,0.22, char ," (3, 4) "
977,Run #201 (RF),0.05,0.45,0.09,0.13, word ," (1, 3) "
978,Run #200 (RF),0.05,0.45,0.09,0.13, word ," (1, 3) "
979,Run #202 (RF),0.05,0.47,0.09,0.14, word ," (1, 3) "
980,Run #171 (SGDC),0.05,0.96,0.09,0.19, word ," (2, 3) "
981,Run #203 (RF),0.05,0.47,0.09,0.14, word ," (1, 3) "
982,Run #209 (SGDC),0.05,0.93,0.09,0.18, word ," (1, 3) "
983,Run #76 (SGDC),1.0,0.05,0.09,0.22, word ," (3, 3) "
984,Run #204 (RF),0.05,0.47,0.09,0.14, word ," (1, 3) "
985,Run #173 (SGDC),0.05,0.96,0.09,0.19, word ," (2, 3) "
986,Run #174 (SGDC),0.05,0.96,0.09,0.19, word ," (2, 3) "
987,Run #71 (SGDC),0.05,0.81,0.09,0.18, word ," (2, 2) "
988,Run #210 (SGDC),0.05,0.93,0.09,0.18, word ," (1, 3) "
989,Run #169 (SGDC),0.05,0.96,0.09,0.19, word ," (2, 3) "
990,Run #170 (SGDC),0.05,0.96,0.09,0.19, word ," (2, 3) "
991,Run #101 (SVM),0.04,0.92,0.08,0.17, word ," (3, 3) "
992,Run #386 (SGDC),0.04,0.96,0.08,0.18, char ," (3, 5) "
993,Run #106 (SGDC),0.04,0.96,0.08,0.18, word ," (3, 3) "
994,Run #105 (SGDC),0.04,0.94,0.08,0.17, word ," (3, 3) "
995,Run #104 (SGDC),0.04,0.95,0.08,0.17, word ," (3, 3) "
996,Run #102 (SVM),0.04,0.92,0.08,0.17, word ," (3, 3) "
997,Run #102 (SGDC),0.04,0.92,0.08,0.17, word ," (3, 3) "
998,Run #102 (RF),0.04,0.92,0.08,0.17, word ," (3, 3) "
999,Run #132 (SGDC),0.04,0.85,0.08,0.17, word ," (1, 2) "
1000,Run #101 (SGDC),0.04,0.92,0.08,0.17, word ," (3, 3) "
1001,Run #202 (SGDC),0.04,0.69,0.08,0.15, word ," (1, 3) "
1002,Run #100 (SVM),0.04,0.92,0.08,0.17, word ," (3, 3) "
1003,Run #100 (SGDC),0.04,0.92,0.08,0.17, word ," (3, 3) "
1004,Run #353 (SGDC),0.04,0.93,0.08,0.18, char ," (3, 4) "
1005,Run #128 (SGDC),0.04,0.86,0.08,0.17, word ," (1, 2) "
1006,Run #129 (SGDC),0.04,0.85,0.08,0.17, word ," (1, 2) "
1007,Run #130 (SGDC),0.04,0.86,0.08,0.17, word ," (1, 2) "
1008,Run #131 (SGDC),0.04,0.86,0.08,0.17, word ," (1, 2) "
1009,Run #101 (RF),0.04,0.92,0.08,0.17, word ," (3, 3) "
1010,Run #99 (SVM),0.04,0.92,0.08,0.17, word ," (3, 3) "
1011,Run #107 (SGDC),0.04,0.95,0.08,0.18, word ," (3, 3) "
1012,Run #98 (RF),0.04,0.92,0.08,0.17, word ," (3, 3) "
1013,Run #99 (RF),0.04,0.92,0.08,0.17, word ," (3, 3) "
1014,Run #99 (SGDC),0.04,0.92,0.08,0.17, word ," (3, 3) "
1015,Run #390 (SGDC),0.04,0.96,0.08,0.18, char ," (3, 5) "
1016,Run #97 (SVM),0.04,0.92,0.08,0.17, word ," (3, 3) "
1017,Run #97 (SGDC),0.04,0.92,0.08,0.17, word ," (3, 3) "
1018,Run #100 (RF),0.04,0.92,0.08,0.17, word ," (3, 3) "
1019,Run #108 (SGDC),0.04,0.95,0.08,0.18, word ," (3, 3) "
1020,Run #98 (SGDC),0.04,0.92,0.08,0.17, word ," (3, 3) "
1021,Run #97 (RF),0.04,0.92,0.08,0.17, word ," (3, 3) "
1022,Run #98 (SVM),0.04,0.92,0.08,0.17, word ," (3, 3) "
1023,Run #57 (RF),0.03,0.67,0.07,0.13, word ," (2, 2) "
1024,Run #57 (SVM),0.04,0.76,0.07,0.15, word ," (2, 2) "
1025,Run #135 (SGDC),0.04,0.88,0.07,0.16, word ," (1, 2) "
1026,Run #57 (SGDC),0.04,0.82,0.07,0.15, word ," (2, 2) "
1027,Run #59 (SGDC),0.04,0.82,0.07,0.15, word ," (2, 2) "
1028,Run #204 (SGDC),0.04,0.74,0.07,0.14, word ," (1, 3) "
1029,Run #58 (RF),0.04,0.68,0.07,0.13, word ," (2, 2) "
1030,Run #59 (RF),0.03,0.67,0.07,0.13, word ," (2, 2) "
1031,Run #56 (RF),0.04,0.68,0.07,0.13, word ," (2, 2) "
1032,Run #56 (SVM),0.04,0.76,0.07,0.15, word ," (2, 2) "
1033,Run #56 (SGDC),0.04,0.82,0.07,0.15, word ," (2, 2) "
1034,Run #136 (SGDC),0.04,0.88,0.07,0.16, word ," (1, 2) "
1035,Run #55 (SGDC),0.04,0.82,0.07,0.16, word ," (2, 2) "
1036,Run #58 (SVM),0.04,0.76,0.07,0.15, word ," (2, 2) "
1037,Run #59 (SVM),0.04,0.76,0.07,0.15, word ," (2, 2) "
1038,Run #60 (RF),0.03,0.67,0.07,0.13, word ," (2, 2) "
1039,Run #60 (SGDC),0.04,0.82,0.07,0.15, word ," (2, 2) "
1040,Run #60 (SVM),0.04,0.76,0.07,0.15, word ," (2, 2) "
1041,Run #58 (SGDC),0.04,0.82,0.07,0.15, word ," (2, 2) "
1042,Run #137 (SGDC),0.04,0.88,0.07,0.16, word ," (1, 2) "
1043,Run #245 (SGDC),0.03,0.98,0.06,0.14, char ," (2, 3) "
1044,Run #243 (SGDC),0.03,0.98,0.06,0.14, char ," (2, 3) "
1045,Run #244 (SGDC),0.03,0.98,0.06,0.14, char ," (2, 3) "
1046,Run #150 (SGDC),0.5,0.03,0.06,0.13, word ," (2, 3) "
1047,Run #242 (SGDC),0.03,0.98,0.06,0.14, char ," (2, 3) "
1048,Run #241 (SGDC),0.03,0.98,0.06,0.14, char ," (2, 3) "
1049,Run #64 (RF),0.03,0.93,0.05,0.12, word ," (2, 2) "
1050,Run #65 (SGDC),0.03,0.93,0.05,0.12, word ," (2, 2) "
1051,Run #64 (SGDC),0.03,0.93,0.05,0.12, word ," (2, 2) "
1052,Run #36 (SGDC),0.03,0.81,0.05,0.11, word ," (1, 1) "
1053,Run #70 (SGDC),0.02,0.94,0.05,0.12, word ," (2, 2) "
1054,Run #36 (SVM),0.03,0.84,0.05,0.12, word ," (1, 1) "
1055,Run #61 (RF),0.03,0.93,0.05,0.12, word ," (2, 2) "
1056,Run #64 (SVM),0.03,0.93,0.05,0.12, word ," (2, 2) "
1057,Run #65 (RF),0.03,0.93,0.05,0.12, word ," (2, 2) "
1058,Run #33 (SVM),0.03,0.85,0.05,0.12, word ," (1, 1) "
1059,Run #33 (SGDC),0.03,0.81,0.05,0.11, word ," (1, 1) "
1060,Run #63 (SGDC),0.03,0.93,0.05,0.12, word ," (2, 2) "
1061,Run #47 (SGDC),0.4,0.02,0.05,0.1, word ," (2, 2) "
1062,Run #65 (SVM),0.03,0.93,0.05,0.12, word ," (2, 2) "
1063,Run #32 (SVM),0.03,0.84,0.05,0.12, word ," (1, 1) "
1064,Run #32 (SGDC),0.03,0.81,0.05,0.11, word ," (1, 1) "
1065,Run #66 (RF),0.03,0.93,0.05,0.12, word ," (2, 2) "
1066,Run #31 (SVM),0.03,0.84,0.05,0.12, word ," (1, 1) "
1067,Run #72 (SGDC),0.02,0.95,0.05,0.12, word ," (2, 2) "
1068,Run #66 (SGDC),0.03,0.93,0.05,0.12, word ," (2, 2) "
1069,Run #63 (SVM),0.03,0.93,0.05,0.12, word ," (2, 2) "
1070,Run #34 (SVM),0.03,0.85,0.05,0.12, word ," (1, 1) "
1071,Run #69 (SGDC),0.02,0.94,0.05,0.12, word ," (2, 2) "
1072,Run #63 (RF),0.03,0.93,0.05,0.12, word ," (2, 2) "
1073,Run #62 (SVM),0.03,0.93,0.05,0.12, word ," (2, 2) "
1074,Run #62 (SGDC),0.03,0.93,0.05,0.12, word ," (2, 2) "
1075,Run #62 (RF),0.03,0.93,0.05,0.12, word ," (2, 2) "
1076,Run #61 (SVM),0.03,0.93,0.05,0.12, word ," (2, 2) "
1077,Run #61 (SGDC),0.03,0.93,0.05,0.12, word ," (2, 2) "
1078,Run #68 (SGDC),0.02,0.94,0.05,0.12, word ," (2, 2) "
1079,Run #35 (SVM),0.03,0.84,0.05,0.12, word ," (1, 1) "
1080,Run #35 (SGDC),0.03,0.81,0.05,0.11, word ," (1, 1) "
1081,Run #66 (SVM),0.03,0.93,0.05,0.12, word ," (2, 2) "
1082,Run #34 (SGDC),0.03,0.81,0.05,0.11, word ," (1, 1) "
1083,Run #20 (SGDC),0.02,0.92,0.04,0.1, word ," (1, 1) "
1084,Run #20 (RF),0.02,0.82,0.04,0.08, word ," (1, 1) "
1085,Run #23 (SVM),0.02,0.91,0.04,0.1, word ," (1, 1) "
1086,Run #24 (SGDC),0.02,0.92,0.04,0.1, word ," (1, 1) "
1087,Run #23 (RF),0.02,0.82,0.04,0.08, word ," (1, 1) "
1088,Run #24 (SVM),0.02,0.91,0.04,0.1, word ," (1, 1) "
1089,Run #20 (SVM),0.02,0.91,0.04,0.1, word ," (1, 1) "
1090,Run #21 (SVM),0.02,0.91,0.04,0.1, word ," (1, 1) "
1091,Run #21 (RF),0.02,0.82,0.04,0.08, word ," (1, 1) "
1092,Run #22 (SVM),0.02,0.91,0.04,0.1, word ," (1, 1) "
1093,Run #21 (SGDC),0.02,0.92,0.04,0.1, word ," (1, 1) "
1094,Run #19 (SVM),0.02,0.92,0.04,0.1, word ," (1, 1) "
1095,Run #22 (SGDC),0.02,0.92,0.04,0.1, word ," (1, 1) "
1096,Run #22 (RF),0.02,0.82,0.04,0.08, word ," (1, 1) "
1097,Run #67 (SGDC),0.02,0.94,0.04,0.11, word ," (2, 2) "
1098,Run #23 (SGDC),0.02,0.92,0.04,0.1, word ," (1, 1) "
1099,Run #25 (RF),0.02,0.96,0.03,0.07, word ," (1, 1) "
1100,Run #28 (RF),0.02,0.96,0.03,0.07, word ," (1, 1) "
1101,Run #27 (SVM),0.02,0.96,0.03,0.07, word ," (1, 1) "
1102,Run #25 (SVM),0.02,0.96,0.03,0.07, word ," (1, 1) "
1103,Run #26 (RF),0.02,0.96,0.03,0.07, word ," (1, 1) "
1104,Run #26 (SGDC),0.02,0.96,0.03,0.07, word ," (1, 1) "
1105,Run #26 (SVM),0.02,0.96,0.03,0.07, word ," (1, 1) "
1106,Run #27 (RF),0.02,0.96,0.03,0.07, word ," (1, 1) "
1107,Run #27 (SGDC),0.02,0.96,0.03,0.07, word ," (1, 1) "
1108,Run #31 (SGDC),0.01,0.9,0.03,0.06, word ," (1, 1) "
1109,Run #30 (SVM),0.02,0.96,0.03,0.07, word ," (1, 1) "
1110,Run #28 (SGDC),0.02,0.96,0.03,0.07, word ," (1, 1) "
1111,Run #28 (SVM),0.02,0.96,0.03,0.07, word ," (1, 1) "
1112,Run #29 (RF),0.02,0.96,0.03,0.07, word ," (1, 1) "
1113,Run #29 (SGDC),0.02,0.96,0.03,0.07, word ," (1, 1) "
1114,Run #29 (SVM),0.02,0.96,0.03,0.07, word ," (1, 1) "
1115,Run #30 (RF),0.02,0.96,0.03,0.07, word ," (1, 1) "
1116,Run #24 (RF),0.02,0.81,0.03,0.08, word ," (1, 1) "
1117,Run #30 (SGDC),0.02,0.96,0.03,0.07, word ," (1, 1) "
1118,Run #25 (SGDC),0.01,1.0,0.02,0.0, word ," (1, 1) "
1119,Run #199 (SGDC),0.14,0.01,0.02,0.04, word ," (1, 3) "
1120,Run #1 (SGDC),1.0,0.01,0.02,0.11, word ," (1, 1) "
1121,Run #46 (SGDC),1.0,0.01,0.02,0.11, word ," (2, 2) "
1122,Run #225 (SGDC),0.0,0.0,0.0,0.0, char ," (2, 3) "
1123,Run #225 (SVM),0.0,0.0,0.0,0.0, char ," (2, 3) "
1124,Run #44 (SVM),0.0,0.0,0.0,0.0, word ," (2, 2) "
1125,Run #45 (RF),0.0,0.0,0.0,0.0, word ," (2, 2) "
1126,Run #45 (SGDC),0.0,0.0,0.0,0.0, word ," (2, 2) "
1127,Run #223 (SGDC),0.0,0.0,0.0,0.0, char ," (2, 3) "
1128,Run #224 (SVM),0.0,0.0,0.0,0.0, char ," (2, 3) "
1129,Run #80 (RF),0.0,0.0,0.0,0.0, word ," (3, 3) "
1130,Run #81 (SVM),0.0,0.0,0.0,0.0, word ," (3, 3) "
1131,Run #81 (SGDC),0.0,0.0,0.0,0.0, word ," (3, 3) "
1132,Run #81 (RF),0.0,0.0,0.0,0.0, word ," (3, 3) "
1133,Run #80 (SVM),0.0,0.0,0.0,0.0, word ," (3, 3) "
1134,Run #80 (SGDC),0.0,0.0,0.0,0.0, word ," (3, 3) "
1135,Run #45 (SVM),0.0,0.0,0.0,0.0, word ," (2, 2) "
1136,Run #224 (SGDC),0.0,0.0,0.0,0.0, char ," (2, 3) "
1137,Run #44 (SGDC),0.0,0.0,0.0,0.0, word ," (2, 2) "
1138,Run #297 (SGDC),0.0,0.0,0.0,0.0, char ," (2, 5) "
1139,Run #296 (SGDC),0.0,0.0,0.0,0.0, char ," (2, 5) "
1140,Run #187 (SGDC),0.0,0.0,0.0,0.0, word ," (1, 3) "
1141,Run #295 (SGDC),0.0,0.0,0.0,0.0, char ," (2, 5) "
1142,Run #205 (SGDC),0.0,0.0,0.0,0.0, word ," (1, 3) "
1143,Run #40 (SGDC),0.0,0.0,0.0,0.0, word ," (2, 2) "
1144,Run #223 (SVM),0.0,0.0,0.0,0.0, char ," (2, 3) "
1145,Run #42 (SGDC),0.0,0.0,0.0,0.0, word ," (2, 2) "
1146,Run #43 (RF),0.0,0.0,0.0,0.0, word ," (2, 2) "
1147,Run #43 (SGDC),0.0,0.0,0.0,0.0, word ," (2, 2) "
1148,Run #43 (SVM),0.0,0.0,0.0,0.0, word ," (2, 2) "
1149,Run #44 (RF),0.0,0.0,0.0,0.0, word ," (2, 2) "
1150,Run #41 (SGDC),0.0,0.0,0.0,0.0, word ," (2, 2) "
1151,Run #79 (SGDC),0.0,0.0,0.0,0.0, word ," (3, 3) "
1152,Run #79 (RF),0.0,0.0,0.0,0.0, word ," (3, 3) "
1153,Run #10 (SGDC),0.0,0.0,0.0,0.0, word ," (1, 1) "
1154,Run #9 (RF),0.0,0.0,0.0,0.0, word ," (1, 1) "
1155,Run #12 (SGDC),0.0,0.0,0.0,0.0, word ," (1, 1) "
1156,Run #9 (SGDC),0.0,0.0,0.0,0.0, word ," (1, 1) "
1157,Run #9 (SVM),0.0,0.0,0.0,0.0, word ," (1, 1) "
1158,Run #127 (SGDC),0.0,0.0,0.0,0.0, word ," (1, 2) "
1159,Run #11 (SVM),0.0,0.0,0.0,0.0, word ," (1, 1) "
1160,Run #11 (SGDC),0.0,0.0,0.0,0.0, word ," (1, 1) "
1161,Run #331 (SGDC),0.0,0.0,0.0,0.0, char ," (3, 4) "
1162,Run #117 (SVM),0.0,0.0,0.0,0.0, word ," (1, 2) "
1163,Run #10 (SVM),0.0,0.0,0.0,0.0, word ," (1, 1) "
1164,Run #116 (SVM),0.0,0.0,0.0,0.0, word ," (1, 2) "
1165,Run #116 (SGDC),0.0,0.0,0.0,0.0, word ," (1, 2) "
1166,Run #115 (SVM),0.0,0.0,0.0,0.0, word ," (1, 2) "
1167,Run #112 (SGDC),0.0,0.0,0.0,0.0, word ," (1, 2) "
1168,Run #8 (SVM),0.0,0.0,0.0,0.0, word ," (1, 1) "
1169,Run #8 (SGDC),0.0,0.0,0.0,0.0, word ," (1, 1) "
1170,Run #8 (RF),0.0,0.0,0.0,0.0, word ," (1, 1) "
1171,Run #7 (SVM),0.0,0.0,0.0,0.0, word ," (1, 1) "
1172,Run #7 (SGDC),0.0,0.0,0.0,0.0, word ," (1, 1) "
1173,Run #7 (RF),0.0,0.0,0.0,0.0, word ," (1, 1) "
1174,Run #6 (SVM),0.0,0.0,0.0,0.0, word ," (1, 1) "
1175,Run #6 (SGDC),0.0,0.0,0.0,0.0, word ," (1, 1) "
1176,Run #12 (SVM),0.0,0.0,0.0,0.0, word ," (1, 1) "
1177,Run #5 (SVM),0.0,0.0,0.0,0.0, word ," (1, 1) "
1178,Run #5 (SGDC),0.0,0.0,0.0,0.0, word ," (1, 1) "
1179,Run #151 (SGDC),0.0,0.0,0.0,0.0, word ," (2, 3) "
1180,Run #4 (SVM),0.0,0.0,0.0,0.0, word ," (1, 1) "
1181,Run #4 (SGDC),0.0,0.0,0.0,0.0, word ," (1, 1) "
1182,Run #152 (SGDC),0.0,0.0,0.0,0.0, word ," (2, 3) "
1183,Run #153 (SGDC),0.0,0.0,0.0,0.0, word ," (2, 3) "
1184,Run #3 (SGDC),0.0,0.0,0.0,0.0, word ," (1, 1) "
1185,Run #79 (SVM),0.0,0.0,0.0,0.0, word ," (3, 3) "
