,Algorrithm,Recall,Precision,F1-Score,Mathew,Feature,N-gram range
1,Run #362 (SVM),0.92,0.87,0.89,0.89, char ," (3, 5) "
2,Run #253 (SVM),0.87,0.91,0.89,0.89, char ," (2, 4) "
3,Run #363 (SVM),0.91,0.85,0.88,0.88, char ," (3, 5) "
4,Run #254 (SVM),0.88,0.89,0.88,0.88, char ," (2, 4) "
5,Run #362 (SGDC),0.92,0.84,0.88,0.88, char ," (3, 5) "
6,Run #361 (SVM),0.89,0.88,0.88,0.88, char ," (3, 5) "
7,Run #255 (SVM),0.87,0.87,0.87,0.87, char ," (2, 4) "
8,Run #327 (SGDC),0.87,0.87,0.87,0.87, char ," (3, 4) "
9,Run #363 (SGDC),0.97,0.78,0.86,0.87, char ," (3, 5) "
10,Run #327 (SVM),0.91,0.81,0.86,0.86, char ," (3, 4) "
11,Run #326 (SGDC),0.83,0.88,0.86,0.86, char ," (3, 4) "
12,Run #361 (RF),0.98,0.74,0.85,0.85, char ," (3, 5) "
13,Run #265 (SVM),0.83,0.86,0.85,0.85, char ," (2, 4) "
14,Run #325 (SVM),0.89,0.81,0.85,0.85, char ," (3, 4) "
15,Run #267 (SVM),0.87,0.83,0.85,0.85, char ," (2, 4) "
16,Run #268 (SVM),0.87,0.83,0.85,0.85, char ," (2, 4) "
17,Run #361 (SGDC),0.86,0.84,0.85,0.85, char ," (3, 5) "
18,Run #373 (SGDC),0.91,0.8,0.85,0.85, char ," (3, 5) "
19,Run #326 (SVM),0.9,0.81,0.85,0.85, char ," (3, 4) "
20,Run #340 (SVM),0.87,0.82,0.85,0.84, char ," (3, 4) "
21,Run #266 (SVM),0.89,0.82,0.85,0.85, char ," (2, 4) "
22,Run #254 (SGDC),0.91,0.8,0.85,0.85, char ," (2, 4) "
23,Run #362 (RF),0.98,0.73,0.84,0.85, char ," (3, 5) "
24,Run #269 (SVM),0.85,0.83,0.84,0.84, char ," (2, 4) "
25,Run #363 (RF),0.98,0.73,0.84,0.85, char ," (3, 5) "
26,Run #270 (SVM),0.85,0.83,0.84,0.84, char ," (2, 4) "
27,Run #218 (RF),0.9,0.79,0.84,0.84, char ," (2, 3) "
28,Run #337 (SVM),0.85,0.82,0.84,0.83, char ," (3, 4) "
29,Run #303 (SVM),0.84,0.83,0.84,0.84, char ," (2, 5) "
30,Run #253 (RF),0.92,0.77,0.84,0.84, char ," (2, 4) "
31,Run #304 (SVM),0.84,0.83,0.84,0.84, char ," (2, 5) "
32,Run #254 (RF),0.92,0.76,0.83,0.84, char ," (2, 4) "
33,Run #219 (SVM),0.78,0.88,0.83,0.83, char ," (2, 3) "
34,Run #217 (SGDC),0.75,0.92,0.83,0.83, char ," (2, 3) "
35,Run #219 (SGDC),0.76,0.93,0.83,0.84, char ," (2, 3) "
36,Run #375 (SVM),0.87,0.79,0.83,0.83, char ," (3, 5) "
37,Run #217 (RF),0.9,0.77,0.83,0.83, char ," (2, 3) "
38,Run #304 (RF),0.91,0.77,0.83,0.83, char ," (2, 5) "
39,Run #75 (SVM),0.86,0.8,0.83,0.83, word ," (3, 3) "
40,Run #255 (RF),0.91,0.76,0.83,0.83, char ," (2, 4) "
41,Run #339 (SVM),0.88,0.79,0.83,0.83, char ," (3, 4) "
42,Run #218 (SGDC),0.8,0.86,0.83,0.83, char ," (2, 3) "
43,Run #157 (SVM),0.82,0.84,0.83,0.83, word ," (2, 3) "
44,Run #126 (SVM),0.84,0.8,0.82,0.82, word ," (1, 2) "
45,Run #377 (SVM),0.87,0.78,0.82,0.82, char ," (3, 5) "
46,Run #303 (RF),0.89,0.75,0.82,0.82, char ," (2, 5) "
47,Run #302 (SVM),0.83,0.82,0.82,0.82, char ," (2, 5) "
48,Run #378 (SVM),0.86,0.79,0.82,0.82, char ," (3, 5) "
49,Run #342 (SVM),0.88,0.78,0.82,0.82, char ," (3, 4) "
50,Run #338 (SVM),0.88,0.78,0.82,0.82, char ," (3, 4) "
51,Run #305 (SVM),0.83,0.82,0.82,0.82, char ," (2, 5) "
52,Run #376 (SVM),0.86,0.79,0.82,0.82, char ," (3, 5) "
53,Run #146 (SVM),0.89,0.76,0.82,0.82, word ," (2, 3) "
54,Run #325 (SGDC),0.88,0.77,0.82,0.82, char ," (3, 4) "
55,Run #306 (SVM),0.82,0.82,0.82,0.82, char ," (2, 5) "
56,Run #160 (SVM),0.83,0.8,0.82,0.81, word ," (2, 3) "
57,Run #161 (SVM),0.83,0.81,0.82,0.82, word ," (2, 3) "
58,Run #373 (SVM),0.86,0.79,0.82,0.82, char ," (3, 5) "
59,Run #162 (SVM),0.83,0.8,0.82,0.81, word ," (2, 3) "
60,Run #265 (RF),0.95,0.71,0.82,0.82, char ," (2, 4) "
61,Run #305 (RF),0.91,0.75,0.82,0.82, char ," (2, 5) "
62,Run #147 (SVM),0.88,0.76,0.82,0.82, word ," (2, 3) "
63,Run #182 (SVM),0.83,0.82,0.82,0.82, word ," (1, 3) "
64,Run #219 (RF),0.89,0.75,0.81,0.81, char ," (2, 3) "
65,Run #306 (RF),0.9,0.74,0.81,0.82, char ," (2, 5) "
66,Run #301 (SVM),0.77,0.86,0.81,0.81, char ," (2, 5) "
67,Run #218 (SVM),0.74,0.89,0.81,0.81, char ," (2, 3) "
68,Run #301 (SGDC),0.78,0.83,0.81,0.8, char ," (2, 5) "
69,Run #74 (SVM),0.85,0.77,0.81,0.81, word ," (3, 3) "
70,Run #183 (SVM),0.82,0.8,0.81,0.81, word ," (1, 3) "
71,Run #341 (SVM),0.88,0.74,0.81,0.81, char ," (3, 4) "
72,Run #159 (SVM),0.82,0.8,0.81,0.81, word ," (2, 3) "
73,Run #145 (SGDC),0.85,0.76,0.81,0.81, word ," (2, 3) "
74,Run #158 (SVM),0.82,0.8,0.81,0.81, word ," (2, 3) "
75,Run #268 (RF),0.95,0.7,0.81,0.82, char ," (2, 4) "
76,Run #121 (SVM),0.78,0.84,0.81,0.81, word ," (1, 2) "
77,Run #122 (SVM),0.8,0.82,0.81,0.81, word ," (1, 2) "
78,Run #374 (SVM),0.87,0.76,0.81,0.81, char ," (3, 5) "
79,Run #269 (RF),0.95,0.7,0.81,0.82, char ," (2, 4) "
80,Run #181 (SVM),0.82,0.8,0.81,0.81, word ," (1, 3) "
81,Run #145 (SVM),0.89,0.74,0.81,0.81, word ," (2, 3) "
82,Run #266 (RF),0.95,0.69,0.8,0.81, char ," (2, 4) "
83,Run #124 (SVM),0.76,0.85,0.8,0.8, word ," (1, 2) "
84,Run #125 (SVM),0.83,0.78,0.8,0.8, word ," (1, 2) "
85,Run #302 (RF),0.89,0.73,0.8,0.8, char ," (2, 5) "
86,Run #123 (SVM),0.79,0.81,0.8,0.8, word ," (1, 2) "
87,Run #301 (RF),0.89,0.73,0.8,0.8, char ," (2, 5) "
88,Run #267 (RF),0.94,0.7,0.8,0.81, char ," (2, 4) "
89,Run #217 (SVM),0.73,0.88,0.8,0.8, char ," (2, 3) "
90,Run #73 (SVM),0.83,0.77,0.8,0.8, word ," (3, 3) "
91,Run #270 (RF),0.95,0.69,0.8,0.81, char ," (2, 4) "
92,Run #229 (SVM),0.79,0.8,0.8,0.8, char ," (2, 3) "
93,Run #86 (SGDC),0.74,0.89,0.8,0.81, word ," (3, 3) "
94,Run #146 (SGDC),0.83,0.76,0.79,0.79, word ," (2, 3) "
95,Run #147 (SGDC),0.79,0.79,0.79,0.79, word ," (2, 3) "
96,Run #227 (SGDC),0.78,0.8,0.79,0.79, char ," (2, 3) "
97,Run #232 (SVM),0.8,0.78,0.79,0.78, char ," (2, 3) "
98,Run #183 (SGDC),0.87,0.72,0.79,0.79, word ," (1, 3) "
99,Run #230 (SVM),0.8,0.79,0.79,0.79, char ," (2, 3) "
100,Run #231 (SVM),0.8,0.78,0.79,0.78, char ," (2, 3) "
101,Run #234 (SVM),0.8,0.79,0.79,0.79, char ," (2, 3) "
102,Run #268 (SGDC),0.72,0.89,0.79,0.8, char ," (2, 4) "
103,Run #226 (SGDC),0.81,0.76,0.79,0.78, char ," (2, 3) "
104,Run #85 (SGDC),0.86,0.72,0.79,0.79, word ," (3, 3) "
105,Run #233 (SVM),0.8,0.79,0.79,0.79, char ," (2, 3) "
106,Run #228 (SVM),0.91,0.7,0.79,0.8, char ," (2, 3) "
107,Run #228 (SGDC),0.79,0.76,0.78,0.77, char ," (2, 3) "
108,Run #86 (SVM),0.79,0.77,0.78,0.78, word ," (3, 3) "
109,Run #194 (SVM),0.83,0.74,0.78,0.78, word ," (1, 3) "
110,Run #182 (SGDC),0.88,0.7,0.78,0.78, word ," (1, 3) "
111,Run #226 (SVM),0.84,0.73,0.78,0.78, char ," (2, 3) "
112,Run #227 (SVM),0.84,0.74,0.78,0.78, char ," (2, 3) "
113,Run #247 (RF),0.84,0.73,0.78,0.78, char ," (2, 3) "
114,Run #90 (SGDC),0.72,0.86,0.78,0.78, word ," (3, 3) "
115,Run #234 (RF),0.91,0.68,0.78,0.79, char ," (2, 3) "
116,Run #85 (SVM),0.82,0.75,0.78,0.78, word ," (3, 3) "
117,Run #247 (SVM),0.82,0.72,0.77,0.76, char ," (2, 3) "
118,Run #289 (SGDC),0.86,0.7,0.77,0.77, char ," (2, 5) "
119,Run #198 (SVM),0.83,0.71,0.77,0.77, word ," (1, 3) "
120,Run #197 (SVM),0.83,0.71,0.77,0.77, word ," (1, 3) "
121,Run #290 (SGDC),0.84,0.71,0.77,0.77, char ," (2, 5) "
122,Run #339 (SGDC),0.67,0.91,0.77,0.78, char ," (3, 4) "
123,Run #88 (SVM),0.81,0.73,0.77,0.77, word ," (3, 3) "
124,Run #89 (SGDC),0.72,0.84,0.77,0.77, word ," (3, 3) "
125,Run #90 (SVM),0.79,0.75,0.77,0.76, word ," (3, 3) "
126,Run #370 (SVM),0.85,0.71,0.77,0.77, char ," (3, 5) "
127,Run #371 (SVM),0.85,0.71,0.77,0.77, char ," (3, 5) "
128,Run #373 (RF),0.96,0.64,0.77,0.79, char ," (3, 5) "
129,Run #375 (RF),0.96,0.64,0.77,0.79, char ," (3, 5) "
130,Run #263 (SVM),0.83,0.71,0.76,0.76, char ," (2, 4) "
131,Run #195 (SVM),0.81,0.71,0.76,0.76, word ," (1, 3) "
132,Run #266 (SGDC),0.67,0.9,0.76,0.77, char ," (2, 4) "
133,Run #87 (SVM),0.78,0.73,0.76,0.76, word ," (3, 3) "
134,Run #377 (RF),0.96,0.63,0.76,0.78, char ," (3, 5) "
135,Run #374 (SGDC),0.65,0.89,0.76,0.76, char ," (3, 5) "
136,Run #89 (SVM),0.79,0.73,0.76,0.76, word ," (3, 3) "
137,Run #88 (SGDC),0.68,0.86,0.76,0.76, word ," (3, 3) "
138,Run #291 (RF),0.95,0.63,0.76,0.77, char ," (2, 5) "
139,Run #376 (RF),0.94,0.63,0.76,0.77, char ," (3, 5) "
140,Run #338 (SGDC),0.67,0.89,0.76,0.77, char ," (3, 4) "
141,Run #193 (SVM),0.75,0.76,0.76,0.76, word ," (1, 3) "
142,Run #374 (RF),0.94,0.63,0.76,0.77, char ," (3, 5) "
143,Run #194 (SGDC),0.71,0.82,0.76,0.76, word ," (1, 3) "
144,Run #378 (RF),0.94,0.63,0.76,0.77, char ," (3, 5) "
145,Run #196 (SVM),0.81,0.71,0.76,0.76, word ," (1, 3) "
146,Run #226 (RF),0.88,0.67,0.76,0.76, char ," (2, 3) "
147,Run #227 (RF),0.89,0.67,0.76,0.77, char ," (2, 3) "
148,Run #372 (SVM),0.83,0.71,0.76,0.76, char ," (3, 5) "
149,Run #110 (SVM),0.72,0.78,0.75,0.75, word ," (1, 2) "
150,Run #247 (SGDC),0.83,0.69,0.75,0.75, char ," (2, 3) "
151,Run #181 (SGDC),0.87,0.66,0.75,0.76, word ," (1, 3) "
152,Run #87 (SGDC),0.67,0.86,0.75,0.76, word ," (3, 3) "
153,Run #193 (SGDC),0.79,0.71,0.75,0.75, word ," (1, 3) "
154,Run #195 (SGDC),0.72,0.79,0.75,0.75, word ," (1, 3) "
155,Run #197 (SGDC),0.69,0.81,0.75,0.75, word ," (1, 3) "
156,Run #198 (SGDC),0.69,0.82,0.75,0.75, word ," (1, 3) "
157,Run #109 (SVM),0.71,0.8,0.75,0.75, word ," (1, 2) "
158,Run #290 (SVM),0.81,0.7,0.75,0.75, char ," (2, 5) "
159,Run #378 (SGDC),0.64,0.91,0.75,0.76, char ," (3, 5) "
160,Run #300 (SVM),0.83,0.69,0.75,0.75, char ," (2, 5) "
161,Run #38 (SVM),0.73,0.77,0.75,0.75, word ," (2, 2) "
162,Run #291 (SVM),0.81,0.7,0.75,0.75, char ," (2, 5) "
163,Run #289 (SVM),0.8,0.7,0.75,0.74, char ," (2, 5) "
164,Run #37 (SVM),0.75,0.74,0.75,0.75, word ," (2, 2) "
165,Run #299 (SVM),0.83,0.69,0.75,0.75, char ," (2, 5) "
166,Run #341 (SGDC),0.64,0.91,0.75,0.76, char ," (3, 4) "
167,Run #377 (SGDC),0.63,0.92,0.75,0.76, char ," (3, 5) "
168,Run #290 (RF),0.94,0.62,0.75,0.76, char ," (2, 5) "
169,Run #342 (SGDC),0.63,0.92,0.75,0.76, char ," (3, 4) "
170,Run #298 (SVM),0.82,0.69,0.75,0.75, char ," (2, 5) "
171,Run #159 (SGDC),0.67,0.82,0.74,0.74, word ," (2, 3) "
172,Run #75 (SGDC),0.83,0.67,0.74,0.74, word ," (3, 3) "
173,Run #376 (SGDC),0.63,0.89,0.74,0.75, char ," (3, 5) "
174,Run #375 (SGDC),0.64,0.89,0.74,0.75, char ," (3, 5) "
175,Run #370 (SGDC),0.81,0.67,0.74,0.74, char ," (3, 5) "
176,Run #255 (SGDC),0.91,0.62,0.74,0.75, char ," (2, 4) "
177,Run #229 (SGDC),0.89,0.63,0.74,0.75, char ," (2, 3) "
178,Run #304 (SGDC),0.65,0.86,0.74,0.75, char ," (2, 5) "
179,Run #305 (SGDC),0.64,0.87,0.74,0.74, char ," (2, 5) "
180,Run #337 (RF),0.98,0.6,0.74,0.77, char ," (3, 4) "
181,Run #326 (RF),0.86,0.65,0.74,0.75, char ," (3, 4) "
182,Run #327 (RF),0.86,0.65,0.74,0.75, char ," (3, 4) "
183,Run #39 (SVM),0.72,0.77,0.74,0.74, word ," (2, 2) "
184,Run #196 (SGDC),0.67,0.84,0.74,0.75, word ," (1, 3) "
185,Run #264 (SGDC),0.77,0.71,0.74,0.73, char ," (2, 4) "
186,Run #265 (SGDC),0.98,0.6,0.74,0.76, char ," (2, 4) "
187,Run #228 (RF),0.88,0.63,0.74,0.74, char ," (2, 3) "
188,Run #371 (SGDC),0.69,0.8,0.74,0.74, char ," (3, 5) "
189,Run #291 (SGDC),0.85,0.63,0.73,0.73, char ," (2, 5) "
190,Run #157 (SGDC),0.73,0.74,0.73,0.73, word ," (2, 3) "
191,Run #298 (RF),0.87,0.62,0.73,0.74, char ," (2, 5) "
192,Run #190 (SVM),0.81,0.66,0.73,0.73, word ," (1, 3) "
193,Run #289 (RF),0.94,0.6,0.73,0.75, char ," (2, 5) "
194,Run #267 (SGDC),0.61,0.9,0.73,0.74, char ," (2, 4) "
195,Run #333 (RF),0.84,0.64,0.73,0.73, char ," (3, 4) "
196,Run #111 (SVM),0.68,0.78,0.73,0.73, word ," (1, 2) "
197,Run #264 (SVM),0.84,0.64,0.73,0.73, char ," (2, 4) "
198,Run #262 (SGDC),0.71,0.75,0.73,0.73, char ," (2, 4) "
199,Run #264 (RF),0.9,0.62,0.73,0.74, char ," (2, 4) "
200,Run #263 (SGDC),0.66,0.82,0.73,0.73, char ," (2, 4) "
201,Run #335 (SVM),0.76,0.69,0.72,0.72, char ," (3, 4) "
202,Run #336 (SGDC),0.71,0.72,0.72,0.72, char ," (3, 4) "
203,Run #153 (RF),0.88,0.61,0.72,0.73, word ," (2, 3) "
204,Run #162 (SGDC),0.65,0.81,0.72,0.72, word ," (2, 3) "
205,Run #325 (RF),0.84,0.63,0.72,0.73, char ," (3, 4) "
206,Run #372 (RF),0.89,0.6,0.72,0.73, char ," (3, 5) "
207,Run #158 (SGDC),0.63,0.84,0.72,0.72, word ," (2, 3) "
208,Run #334 (SVM),0.77,0.67,0.72,0.72, char ," (3, 4) "
209,Run #73 (SGDC),0.79,0.67,0.72,0.73, word ," (3, 3) "
210,Run #205 (SVM),0.82,0.64,0.72,0.72, word ," (1, 3) "
211,Run #298 (SGDC),0.65,0.81,0.72,0.72, char ," (2, 5) "
212,Run #337 (SGDC),0.9,0.6,0.72,0.73, char ," (3, 4) "
213,Run #342 (RF),0.95,0.58,0.72,0.74, char ," (3, 4) "
214,Run #49 (SVM),0.75,0.69,0.72,0.72, word ," (2, 2) "
215,Run #263 (RF),0.91,0.6,0.72,0.74, char ," (2, 4) "
216,Run #370 (RF),0.89,0.6,0.72,0.73, char ," (3, 5) "
217,Run #341 (RF),0.95,0.58,0.72,0.74, char ," (3, 4) "
218,Run #340 (RF),0.95,0.58,0.72,0.74, char ," (3, 4) "
219,Run #269 (SGDC),0.6,0.91,0.72,0.73, char ," (2, 4) "
220,Run #270 (SGDC),0.6,0.9,0.72,0.73, char ," (2, 4) "
221,Run #338 (RF),0.95,0.58,0.72,0.74, char ," (3, 4) "
222,Run #192 (SVM),0.82,0.65,0.72,0.73, word ," (1, 3) "
223,Run #231 (RF),0.88,0.61,0.72,0.73, char ," (2, 3) "
224,Run #232 (RF),0.84,0.63,0.72,0.73, char ," (2, 3) "
225,Run #191 (SVM),0.81,0.65,0.72,0.72, word ," (1, 3) "
226,Run #74 (SGDC),0.84,0.61,0.71,0.71, word ," (3, 3) "
227,Run #160 (RF),0.96,0.56,0.71,0.73, word ," (2, 3) "
228,Run #331 (RF),0.8,0.64,0.71,0.71, char ," (3, 4) "
229,Run #230 (RF),0.87,0.61,0.71,0.72, char ," (2, 3) "
230,Run #262 (SVM),0.83,0.62,0.71,0.72, char ," (2, 4) "
231,Run #262 (RF),0.91,0.58,0.71,0.73, char ," (2, 4) "
232,Run #152 (RF),0.9,0.58,0.71,0.72, word ," (2, 3) "
233,Run #385 (RF),0.87,0.59,0.71,0.72, char ," (3, 5) "
234,Run #371 (RF),0.89,0.59,0.71,0.72, char ," (3, 5) "
235,Run #339 (RF),0.94,0.57,0.71,0.73, char ," (3, 4) "
236,Run #299 (RF),0.85,0.61,0.71,0.72, char ," (2, 5) "
237,Run #283 (SVM),0.79,0.65,0.71,0.71, char ," (2, 4) "
238,Run #385 (SVM),0.87,0.59,0.71,0.72, char ," (3, 5) "
239,Run #332 (RF),0.8,0.64,0.71,0.71, char ," (3, 4) "
240,Run #161 (SGDC),0.61,0.82,0.7,0.7, word ," (2, 3) "
241,Run #336 (SVM),0.75,0.65,0.7,0.7, char ," (3, 4) "
242,Run #299 (SGDC),0.87,0.58,0.7,0.71, char ," (2, 5) "
243,Run #233 (SGDC),0.55,0.93,0.7,0.72, char ," (2, 3) "
244,Run #283 (RF),0.87,0.58,0.7,0.71, char ," (2, 4) "
245,Run #372 (SGDC),0.8,0.62,0.7,0.71, char ," (3, 5) "
246,Run #300 (RF),0.85,0.6,0.7,0.71, char ," (2, 5) "
247,Run #230 (SGDC),0.56,0.93,0.7,0.72, char ," (2, 3) "
248,Run #50 (SVM),0.69,0.7,0.7,0.69, word ," (2, 2) "
249,Run #151 (RF),0.87,0.59,0.7,0.72, word ," (2, 3) "
250,Run #121 (SGDC),0.71,0.7,0.7,0.7, word ," (1, 2) "
251,Run #233 (RF),0.85,0.59,0.7,0.71, char ," (2, 3) "
252,Run #160 (SGDC),0.6,0.84,0.7,0.7, word ," (2, 3) "
253,Run #391 (SGDC),0.82,0.62,0.7,0.71, char ," (3, 5) "
254,Run #182 (RF),0.96,0.54,0.69,0.71, word ," (1, 3) "
255,Run #355 (SVM),0.74,0.65,0.69,0.69, char ," (3, 4) "
256,Run #14 (RF),0.84,0.58,0.69,0.7, word ," (1, 1) "
257,Run #391 (SVM),0.72,0.67,0.69,0.69, char ," (3, 5) "
258,Run #205 (RF),0.82,0.6,0.69,0.7, word ," (1, 3) "
259,Run #295 (SVM),0.83,0.59,0.69,0.7, char ," (2, 5) "
260,Run #296 (SVM),0.83,0.59,0.69,0.7, char ," (2, 5) "
261,Run #297 (SVM),0.83,0.59,0.69,0.7, char ," (2, 5) "
262,Run #16 (RF),0.86,0.58,0.69,0.71, word ," (1, 1) "
263,Run #302 (SGDC),0.57,0.87,0.69,0.7, char ," (2, 5) "
264,Run #162 (RF),0.96,0.54,0.69,0.71, word ," (2, 3) "
265,Run #319 (SGDC),0.78,0.61,0.69,0.69, char ," (2, 5) "
266,Run #15 (RF),0.87,0.57,0.69,0.7, word ," (1, 1) "
267,Run #391 (RF),0.82,0.58,0.68,0.69, char ," (3, 5) "
268,Run #3 (RF),0.94,0.53,0.68,0.71, word ," (1, 1) "
269,Run #111 (SGDC),0.68,0.68,0.68,0.68, word ," (1, 2) "
270,Run #52 (SVM),0.68,0.68,0.68,0.68, word ," (2, 2) "
271,Run #53 (SVM),0.68,0.68,0.68,0.67, word ," (2, 2) "
272,Run #18 (RF),0.84,0.57,0.68,0.69, word ," (1, 1) "
273,Run #249 (RF),0.65,0.72,0.68,0.68, char ," (2, 3) "
274,Run #234 (SGDC),0.54,0.92,0.68,0.7, char ," (2, 3) "
275,Run #296 (RF),0.81,0.58,0.68,0.68, char ," (2, 5) "
276,Run #17 (RF),0.85,0.57,0.68,0.7, word ," (1, 1) "
277,Run #231 (SGDC),0.53,0.95,0.68,0.71, char ," (2, 3) "
278,Run #51 (SVM),0.68,0.68,0.68,0.67, word ," (2, 2) "
279,Run #334 (SGDC),0.72,0.65,0.68,0.68, char ," (3, 4) "
280,Run #54 (SVM),0.68,0.69,0.68,0.68, word ," (2, 2) "
281,Run #229 (RF),0.86,0.57,0.68,0.7, char ," (2, 3) "
282,Run #300 (SGDC),0.68,0.68,0.68,0.68, char ," (2, 5) "
283,Run #319 (SVM),0.79,0.6,0.68,0.69, char ," (2, 5) "
284,Run #303 (SGDC),0.54,0.87,0.67,0.68, char ," (2, 5) "
285,Run #2 (RF),0.98,0.51,0.67,0.71, word ," (1, 1) "
286,Run #223 (RF),0.86,0.55,0.67,0.69, char ," (2, 3) "
287,Run #251 (RF),0.64,0.71,0.67,0.67, char ," (2, 3) "
288,Run #109 (SGDC),0.68,0.67,0.67,0.67, word ," (1, 2) "
289,Run #333 (SVM),0.88,0.54,0.67,0.69, char ," (3, 4) "
290,Run #110 (SGDC),0.74,0.61,0.67,0.67, word ," (1, 2) "
291,Run #88 (RF),0.93,0.52,0.67,0.69, word ," (3, 3) "
292,Run #349 (SVM),0.86,0.54,0.67,0.68, char ," (3, 4) "
293,Run #90 (RF),0.93,0.52,0.67,0.69, word ," (3, 3) "
294,Run #133 (RF),0.77,0.58,0.66,0.67, word ," (1, 2) "
295,Run #260 (SGDC),0.81,0.55,0.66,0.67, char ," (2, 4) "
296,Run #261 (SVM),0.83,0.55,0.66,0.67, char ," (2, 4) "
297,Run #110 (RF),0.86,0.54,0.66,0.68, word ," (1, 2) "
298,Run #2 (SVM),0.82,0.55,0.66,0.67, word ," (1, 1) "
299,Run #259 (SVM),0.81,0.55,0.66,0.67, char ," (2, 4) "
300,Run #260 (SVM),0.81,0.55,0.66,0.67, char ," (2, 4) "
301,Run #183 (RF),0.95,0.5,0.66,0.69, word ," (1, 3) "
302,Run #250 (RF),0.63,0.69,0.66,0.66, char ," (2, 3) "
303,Run #248 (RF),0.63,0.69,0.66,0.66, char ," (2, 3) "
304,Run #313 (SVM),0.8,0.57,0.66,0.67, char ," (2, 5) "
305,Run #13 (RF),0.85,0.54,0.66,0.68, word ," (1, 1) "
306,Run #335 (SGDC),0.72,0.61,0.66,0.66, char ," (3, 4) "
307,Run #190 (RF),0.74,0.59,0.66,0.66, word ," (1, 3) "
308,Run #181 (RF),0.95,0.5,0.66,0.69, word ," (1, 3) "
309,Run #385 (SGDC),0.55,0.8,0.65,0.66, char ," (3, 5) "
310,Run #126 (RF),0.93,0.5,0.65,0.68, word ," (1, 2) "
311,Run #283 (SGDC),0.71,0.6,0.65,0.65, char ," (2, 4) "
312,Run #123 (RF),0.93,0.5,0.65,0.68, word ," (1, 2) "
313,Run #225 (RF),0.85,0.53,0.65,0.67, char ," (2, 3) "
314,Run #224 (RF),0.85,0.53,0.65,0.67, char ," (2, 3) "
315,Run #332 (SVM),0.93,0.49,0.65,0.68, char ," (3, 4) "
316,Run #111 (RF),0.84,0.54,0.65,0.67, word ," (1, 2) "
317,Run #232 (SGDC),0.5,0.95,0.65,0.68, char ," (2, 3) "
318,Run #1 (RF),0.93,0.5,0.65,0.68, word ," (1, 1) "
319,Run #124 (RF),0.93,0.49,0.64,0.67, word ," (1, 2) "
320,Run #252 (RF),0.62,0.65,0.64,0.63, char ," (2, 3) "
321,Run #169 (SVM),0.77,0.56,0.64,0.65, word ," (2, 3) "
322,Run #53 (RF),0.95,0.49,0.64,0.68, word ," (2, 2) "
323,Run #197 (RF),0.93,0.49,0.64,0.67, word ," (1, 3) "
324,Run #295 (RF),0.8,0.53,0.64,0.65, char ," (2, 5) "
325,Run #161 (RF),0.95,0.49,0.64,0.68, word ," (2, 3) "
326,Run #125 (RF),0.93,0.49,0.64,0.67, word ," (1, 2) "
327,Run #159 (RF),0.95,0.49,0.64,0.68, word ," (2, 3) "
328,Run #157 (RF),0.95,0.49,0.64,0.68, word ," (2, 3) "
329,Run #241 (RF),0.7,0.59,0.64,0.64, char ," (2, 3) "
330,Run #109 (RF),0.88,0.51,0.64,0.66, word ," (1, 2) "
331,Run #87 (RF),0.93,0.49,0.64,0.68, word ," (3, 3) "
332,Run #86 (RF),0.95,0.48,0.64,0.67, word ," (3, 3) "
333,Run #313 (RF),0.75,0.54,0.63,0.63, char ," (2, 5) "
334,Run #194 (RF),0.95,0.47,0.63,0.67, word ," (1, 3) "
335,Run #89 (RF),0.93,0.48,0.63,0.67, word ," (3, 3) "
336,Run #195 (RF),0.95,0.47,0.63,0.67, word ," (1, 3) "
337,Run #297 (RF),0.77,0.53,0.63,0.64, char ," (2, 5) "
338,Run #192 (RF),0.74,0.55,0.63,0.63, word ," (1, 3) "
339,Run #198 (RF),0.95,0.47,0.63,0.67, word ," (1, 3) "
340,Run #191 (RF),0.73,0.56,0.63,0.64, word ," (1, 3) "
341,Run #51 (RF),0.95,0.47,0.63,0.67, word ," (2, 2) "
342,Run #319 (RF),0.8,0.51,0.63,0.64, char ," (2, 5) "
343,Run #52 (RF),0.95,0.47,0.63,0.67, word ," (2, 2) "
344,Run #349 (RF),0.79,0.52,0.63,0.64, char ," (3, 4) "
345,Run #154 (SGDC),0.64,0.62,0.63,0.63, word ," (2, 3) "
346,Run #158 (RF),0.97,0.46,0.63,0.67, word ," (2, 3) "
347,Run #257 (RF),0.9,0.49,0.63,0.66, char ," (2, 4) "
348,Run #3 (SVM),0.84,0.5,0.63,0.65, word ," (1, 1) "
349,Run #259 (RF),0.76,0.54,0.63,0.64, char ," (2, 4) "
350,Run #260 (RF),0.76,0.54,0.63,0.64, char ," (2, 4) "
351,Run #261 (RF),0.76,0.54,0.63,0.64, char ," (2, 4) "
352,Run #54 (RF),0.97,0.46,0.63,0.67, word ," (2, 2) "
353,Run #39 (RF),0.91,0.47,0.62,0.65, word ," (2, 2) "
354,Run #37 (SGDC),0.64,0.6,0.62,0.61, word ," (2, 2) "
355,Run #369 (SVM),0.77,0.52,0.62,0.63, char ," (3, 5) "
356,Run #368 (SVM),0.77,0.52,0.62,0.63, char ," (3, 5) "
357,Run #367 (SVM),0.77,0.52,0.62,0.63, char ," (3, 5) "
358,Run #147 (RF),0.95,0.46,0.62,0.66, word ," (2, 3) "
359,Run #146 (RF),0.95,0.46,0.62,0.66, word ," (2, 3) "
360,Run #122 (RF),0.95,0.46,0.62,0.66, word ," (1, 2) "
361,Run #75 (RF),0.95,0.47,0.62,0.66, word ," (3, 3) "
362,Run #355 (RF),0.8,0.51,0.62,0.64, char ," (3, 4) "
363,Run #193 (RF),0.93,0.46,0.62,0.65, word ," (1, 3) "
364,Run #258 (RF),0.9,0.47,0.62,0.65, char ," (2, 4) "
365,Run #196 (RF),0.95,0.46,0.62,0.66, word ," (1, 3) "
366,Run #85 (RF),0.93,0.47,0.62,0.66, word ," (3, 3) "
367,Run #188 (RF),0.8,0.49,0.61,0.62, word ," (1, 3) "
368,Run #139 (SVM),0.87,0.47,0.61,0.64, word ," (1, 2) "
369,Run #368 (RF),0.78,0.51,0.61,0.63, char ," (3, 5) "
370,Run #145 (RF),0.94,0.45,0.61,0.65, word ," (2, 3) "
371,Run #120 (SGDC),0.8,0.49,0.61,0.63, word ," (1, 2) "
372,Run #49 (SGDC),0.59,0.62,0.61,0.6, word ," (2, 2) "
373,Run #189 (RF),0.8,0.49,0.61,0.62, word ," (1, 3) "
374,Run #156 (SVM),0.71,0.53,0.61,0.61, word ," (2, 3) "
375,Run #367 (RF),0.78,0.51,0.61,0.63, char ," (3, 5) "
376,Run #277 (RF),0.75,0.52,0.61,0.62, char ," (2, 4) "
377,Run #369 (RF),0.78,0.51,0.61,0.63, char ," (3, 5) "
378,Run #277 (SVM),0.82,0.48,0.61,0.63, char ," (2, 4) "
379,Run #13 (SVM),0.73,0.53,0.61,0.62, word ," (1, 1) "
380,Run #155 (SVM),0.71,0.54,0.61,0.61, word ," (2, 3) "
381,Run #189 (SVM),0.78,0.49,0.6,0.62, word ," (1, 3) "
382,Run #211 (SGDC),0.91,0.44,0.6,0.63, word ," (1, 3) "
383,Run #50 (RF),0.95,0.44,0.6,0.64, word ," (2, 2) "
384,Run #329 (SVM),0.73,0.51,0.6,0.61, char ," (3, 4) "
385,Run #256 (RF),0.89,0.45,0.6,0.63, char ," (2, 4) "
386,Run #154 (SVM),0.71,0.51,0.6,0.6, word ," (2, 3) "
387,Run #74 (RF),0.94,0.44,0.6,0.64, word ," (3, 3) "
388,Run #307 (RF),0.75,0.5,0.6,0.61, char ," (2, 5) "
389,Run #121 (RF),0.95,0.44,0.6,0.64, word ," (1, 2) "
390,Run #188 (SVM),0.78,0.49,0.6,0.62, word ," (1, 3) "
391,Run #369 (SGDC),0.83,0.47,0.6,0.62, char ," (3, 5) "
392,Run #187 (SVM),0.78,0.49,0.6,0.62, word ," (1, 3) "
393,Run #187 (RF),0.78,0.49,0.6,0.62, word ," (1, 3) "
394,Run #119 (SGDC),0.78,0.49,0.6,0.62, word ," (1, 2) "
395,Run #38 (RF),0.9,0.45,0.6,0.64, word ," (2, 2) "
396,Run #49 (RF),0.92,0.44,0.59,0.63, word ," (2, 2) "
397,Run #117 (SVM),0.74,0.49,0.59,0.6, word ," (1, 2) "
398,Run #73 (RF),0.97,0.43,0.59,0.64, word ," (3, 3) "
399,Run #235 (RF),0.82,0.46,0.59,0.61, char ," (2, 3) "
400,Run #340 (SGDC),0.42,0.96,0.59,0.63, char ," (3, 4) "
401,Run #175 (SVM),0.72,0.49,0.59,0.59, word ," (2, 3) "
402,Run #379 (SVM),0.74,0.49,0.59,0.6, char ," (3, 5) "
403,Run #330 (SVM),0.73,0.49,0.59,0.6, char ," (3, 4) "
404,Run #329 (RF),0.84,0.46,0.59,0.62, char ," (3, 4) "
405,Run #328 (SVM),0.73,0.49,0.59,0.6, char ," (3, 4) "
406,Run #115 (SVM),0.74,0.49,0.59,0.6, word ," (1, 2) "
407,Run #307 (SVM),0.67,0.53,0.59,0.59, char ," (2, 5) "
408,Run #116 (SVM),0.74,0.49,0.59,0.6, word ," (1, 2) "
409,Run #321 (SVM),0.47,0.79,0.59,0.6, char ," (2, 5) "
410,Run #320 (SVM),0.45,0.79,0.58,0.59, char ," (2, 5) "
411,Run #343 (SVM),0.69,0.5,0.58,0.58, char ," (3, 4) "
412,Run #336 (RF),0.78,0.46,0.58,0.59, char ," (3, 4) "
413,Run #235 (SVM),0.77,0.47,0.58,0.6, char ," (2, 3) "
414,Run #323 (SVM),0.46,0.77,0.58,0.59, char ," (2, 5) "
415,Run #324 (SVM),0.45,0.79,0.58,0.59, char ," (2, 5) "
416,Run #293 (RF),0.8,0.46,0.58,0.6, char ," (2, 5) "
417,Run #328 (RF),0.79,0.46,0.58,0.6, char ," (3, 4) "
418,Run #331 (SVM),0.92,0.42,0.58,0.62, char ," (3, 4) "
419,Run #253 (SGDC),0.97,0.42,0.58,0.63, char ," (2, 4) "
420,Run #37 (RF),0.96,0.42,0.58,0.63, word ," (2, 2) "
421,Run #169 (RF),0.77,0.47,0.58,0.6, word ," (2, 3) "
422,Run #322 (SVM),0.45,0.79,0.58,0.59, char ," (2, 5) "
423,Run #123 (SGDC),0.45,0.81,0.58,0.6, word ," (1, 2) "
424,Run #120 (SVM),0.89,0.42,0.58,0.61, word ," (1, 2) "
425,Run #14 (SVM),0.44,0.82,0.58,0.6, word ," (1, 1) "
426,Run #117 (RF),0.71,0.49,0.58,0.59, word ," (1, 2) "
427,Run #116 (RF),0.71,0.49,0.58,0.59, word ," (1, 2) "
428,Run #115 (RF),0.71,0.49,0.58,0.59, word ," (1, 2) "
429,Run #139 (RF),0.83,0.45,0.58,0.61, word ," (1, 2) "
430,Run #139 (SGDC),0.84,0.44,0.58,0.6, word ," (1, 2) "
431,Run #306 (SGDC),0.42,0.87,0.57,0.6, char ," (2, 5) "
432,Run #330 (RF),0.8,0.44,0.57,0.59, char ," (3, 4) "
433,Run #118 (SVM),0.89,0.41,0.57,0.6, word ," (1, 2) "
434,Run #47 (RF),0.8,0.44,0.57,0.59, word ," (2, 2) "
435,Run #124 (SGDC),0.44,0.82,0.57,0.6, word ," (1, 2) "
436,Run #211 (RF),0.8,0.44,0.57,0.59, word ," (1, 3) "
437,Run #334 (RF),0.8,0.45,0.57,0.6, char ," (3, 4) "
438,Run #156 (RF),0.7,0.46,0.56,0.56, word ," (2, 3) "
439,Run #1 (SVM),0.82,0.43,0.56,0.59, word ," (1, 1) "
440,Run #323 (RF),0.49,0.64,0.56,0.56, char ," (2, 5) "
441,Run #122 (SGDC),0.42,0.82,0.56,0.58, word ," (1, 2) "
442,Run #324 (RF),0.5,0.63,0.56,0.56, char ," (2, 5) "
443,Run #191 (SGDC),0.78,0.44,0.56,0.58, word ," (1, 3) "
444,Run #119 (SVM),0.87,0.41,0.56,0.6, word ," (1, 2) "
445,Run #39 (SGDC),0.53,0.6,0.56,0.56, word ," (2, 2) "
446,Run #126 (SGDC),0.42,0.82,0.56,0.58, word ," (1, 2) "
447,Run #220 (RF),0.77,0.44,0.56,0.58, char ," (2, 3) "
448,Run #48 (RF),0.75,0.45,0.56,0.58, word ," (2, 2) "
449,Run #125 (SGDC),0.41,0.86,0.56,0.59, word ," (1, 2) "
450,Run #335 (RF),0.77,0.45,0.56,0.58, char ," (3, 4) "
451,Run #292 (RF),0.75,0.45,0.56,0.57, char ," (2, 5) "
452,Run #394 (RF),0.53,0.6,0.56,0.56, char ," (3, 5) "
453,Run #320 (RF),0.49,0.63,0.55,0.55, char ," (2, 5) "
454,Run #392 (RF),0.52,0.58,0.55,0.54, char ," (3, 5) "
455,Run #119 (RF),0.75,0.43,0.55,0.57, word ," (1, 2) "
456,Run #321 (RF),0.49,0.61,0.55,0.55, char ," (2, 5) "
457,Run #393 (RF),0.52,0.59,0.55,0.55, char ," (3, 5) "
458,Run #294 (RF),0.77,0.42,0.55,0.57, char ," (2, 5) "
459,Run #120 (RF),0.75,0.43,0.55,0.57, word ," (1, 2) "
460,Run #395 (RF),0.52,0.58,0.55,0.54, char ," (3, 5) "
461,Run #46 (RF),0.8,0.42,0.55,0.57, word ," (2, 2) "
462,Run #117 (SGDC),0.44,0.68,0.54,0.54, word ," (1, 2) "
463,Run #192 (SGDC),0.48,0.61,0.54,0.54, word ," (1, 3) "
464,Run #285 (SVM),0.43,0.73,0.54,0.56, char ," (2, 4) "
465,Run #286 (SVM),0.43,0.73,0.54,0.56, char ," (2, 4) "
466,Run #190 (SGDC),0.81,0.41,0.54,0.57, word ," (1, 3) "
467,Run #118 (RF),0.77,0.41,0.54,0.56, word ," (1, 2) "
468,Run #257 (SVM),0.83,0.39,0.54,0.57, char ," (2, 4) "
469,Run #322 (RF),0.49,0.61,0.54,0.54, char ," (2, 5) "
470,Run #271 (RF),0.75,0.42,0.54,0.56, char ," (2, 4) "
471,Run #256 (SVM),0.83,0.39,0.54,0.57, char ," (2, 4) "
472,Run #38 (SGDC),0.74,0.42,0.54,0.56, word ," (2, 2) "
473,Run #154 (RF),0.69,0.45,0.54,0.55, word ," (2, 3) "
474,Run #288 (SVM),0.43,0.73,0.54,0.56, char ," (2, 4) "
475,Run #256 (SGDC),0.79,0.41,0.54,0.57, char ," (2, 4) "
476,Run #155 (RF),0.7,0.43,0.54,0.55, word ," (2, 3) "
477,Run #258 (SVM),0.83,0.39,0.54,0.57, char ," (2, 4) "
478,Run #287 (SVM),0.43,0.73,0.54,0.56, char ," (2, 4) "
479,Run #343 (RF),0.73,0.42,0.53,0.55, char ," (3, 4) "
480,Run #175 (RF),0.73,0.42,0.53,0.55, word ," (2, 3) "
481,Run #211 (SVM),0.8,0.4,0.53,0.56, word ," (1, 3) "
482,Run #329 (SGDC),0.71,0.42,0.53,0.54, char ," (3, 4) "
483,Run #221 (SVM),0.78,0.39,0.52,0.55, char ," (2, 3) "
484,Run #221 (RF),0.76,0.39,0.52,0.54, char ," (2, 3) "
485,Run #284 (SVM),0.41,0.72,0.52,0.53, char ," (2, 4) "
486,Run #294 (SVM),0.73,0.39,0.51,0.53, char ," (2, 5) "
487,Run #248 (SVM),0.38,0.79,0.51,0.54, char ," (2, 3) "
488,Run #163 (RF),0.79,0.38,0.51,0.55, word ," (2, 3) "
489,Run #251 (SVM),0.37,0.78,0.51,0.53, char ," (2, 3) "
490,Run #252 (SVM),0.37,0.78,0.51,0.53, char ," (2, 3) "
491,Run #365 (RF),0.73,0.38,0.5,0.52, char ," (3, 5) "
492,Run #292 (SVM),0.73,0.38,0.5,0.52, char ," (2, 5) "
493,Run #11 (RF),0.66,0.41,0.5,0.52, word ," (1, 1) "
494,Run #12 (RF),0.63,0.41,0.5,0.5, word ," (1, 1) "
495,Run #250 (SVM),0.37,0.78,0.5,0.53, char ," (2, 3) "
496,Run #222 (SVM),0.77,0.37,0.5,0.53, char ," (2, 3) "
497,Run #222 (RF),0.79,0.37,0.5,0.53, char ," (2, 3) "
498,Run #83 (RF),0.77,0.37,0.5,0.53, word ," (3, 3) "
499,Run #356 (RF),0.46,0.54,0.5,0.49, char ," (3, 4) "
500,Run #271 (SVM),0.72,0.39,0.5,0.52, char ," (2, 4) "
501,Run #249 (SVM),0.37,0.78,0.5,0.53, char ," (2, 3) "
502,Run #15 (SVM),0.35,0.79,0.49,0.52, word ," (1, 1) "
503,Run #18 (SVM),0.35,0.81,0.49,0.53, word ," (1, 1) "
504,Run #357 (RF),0.44,0.54,0.49,0.48, char ," (3, 4) "
505,Run #293 (SVM),0.74,0.36,0.49,0.52, char ," (2, 5) "
506,Run #188 (SGDC),0.8,0.35,0.49,0.53, word ," (1, 3) "
507,Run #392 (SVM),0.37,0.75,0.49,0.52, char ," (3, 5) "
508,Run #258 (SGDC),0.87,0.34,0.49,0.54, char ," (2, 4) "
509,Run #271 (SGDC),0.58,0.42,0.49,0.49, char ," (2, 4) "
510,Run #84 (RF),0.78,0.36,0.49,0.53, word ," (3, 3) "
511,Run #393 (SVM),0.35,0.73,0.48,0.5, char ," (3, 5) "
512,Run #394 (SVM),0.35,0.73,0.48,0.5, char ," (3, 5) "
513,Run #287 (RF),0.42,0.55,0.48,0.48, char ," (2, 4) "
514,Run #220 (SVM),0.74,0.35,0.48,0.51, char ," (2, 3) "
515,Run #82 (RF),0.74,0.36,0.48,0.51, word ," (3, 3) "
516,Run #284 (RF),0.43,0.54,0.48,0.47, char ," (2, 4) "
517,Run #288 (RF),0.43,0.55,0.48,0.48, char ," (2, 4) "
518,Run #395 (SVM),0.36,0.74,0.48,0.51, char ," (3, 5) "
519,Run #328 (SGDC),0.78,0.35,0.48,0.52, char ," (3, 4) "
520,Run #16 (SVM),0.35,0.79,0.48,0.52, word ," (1, 1) "
521,Run #360 (RF),0.45,0.52,0.48,0.48, char ," (3, 4) "
522,Run #17 (SVM),0.34,0.81,0.48,0.52, word ," (1, 1) "
523,Run #366 (SVM),0.6,0.4,0.48,0.48, char ," (3, 5) "
524,Run #358 (RF),0.45,0.52,0.48,0.48, char ," (3, 4) "
525,Run #285 (RF),0.42,0.54,0.47,0.47, char ," (2, 4) "
526,Run #355 (SGDC),0.88,0.32,0.47,0.53, char ," (3, 4) "
527,Run #67 (RF),0.64,0.38,0.47,0.49, word ," (2, 2) "
528,Run #365 (SVM),0.58,0.4,0.47,0.48, char ," (3, 5) "
529,Run #222 (SGDC),0.74,0.34,0.47,0.5, char ," (2, 3) "
530,Run #294 (SGDC),0.87,0.32,0.47,0.52, char ," (2, 5) "
531,Run #364 (RF),0.73,0.35,0.47,0.5, char ," (3, 5) "
532,Run #364 (SVM),0.6,0.38,0.47,0.48, char ," (3, 5) "
533,Run #261 (SGDC),0.96,0.31,0.47,0.54, char ," (2, 4) "
534,Run #286 (RF),0.42,0.54,0.47,0.47, char ," (2, 4) "
535,Run #366 (RF),0.71,0.35,0.47,0.5, char ," (3, 5) "
536,Run #155 (SGDC),0.46,0.46,0.46,0.46, word ," (2, 3) "
537,Run #50 (SGDC),0.34,0.75,0.46,0.5, word ," (2, 2) "
538,Run #359 (RF),0.43,0.49,0.46,0.46, char ," (3, 4) "
539,Run #359 (SVM),0.34,0.71,0.46,0.48, char ," (3, 4) "
540,Run #163 (SVM),0.77,0.33,0.46,0.5, word ," (2, 3) "
541,Run #379 (RF),0.78,0.32,0.46,0.5, char ," (3, 5) "
542,Run #360 (SVM),0.33,0.72,0.46,0.49, char ," (3, 4) "
543,Run #379 (SGDC),0.8,0.32,0.46,0.5, char ," (3, 5) "
544,Run #149 (RF),0.65,0.35,0.46,0.48, word ," (2, 3) "
545,Run #356 (SVM),0.34,0.71,0.46,0.48, char ," (3, 4) "
546,Run #357 (SVM),0.34,0.71,0.46,0.48, char ," (3, 4) "
547,Run #52 (SGDC),0.32,0.78,0.46,0.5, word ," (2, 2) "
548,Run #54 (SGDC),0.32,0.76,0.45,0.49, word ," (2, 2) "
549,Run #367 (SGDC),0.96,0.29,0.45,0.53, char ," (3, 5) "
550,Run #103 (RF),0.67,0.34,0.45,0.47, word ," (3, 3) "
551,Run #358 (SVM),0.33,0.71,0.45,0.48, char ," (3, 4) "
552,Run #53 (SGDC),0.31,0.78,0.45,0.49, word ," (2, 2) "
553,Run #10 (RF),0.58,0.37,0.45,0.46, word ," (1, 1) "
554,Run #51 (SGDC),0.32,0.74,0.45,0.48, word ," (2, 2) "
555,Run #259 (SGDC),0.96,0.28,0.44,0.52, char ," (2, 4) "
556,Run #148 (RF),0.65,0.33,0.44,0.46, word ," (2, 3) "
557,Run #156 (SGDC),0.72,0.3,0.43,0.46, word ," (2, 3) "
558,Run #199 (RF),0.81,0.29,0.43,0.48, word ," (1, 3) "
559,Run #330 (SGDC),0.92,0.28,0.43,0.51, char ," (3, 4) "
560,Run #221 (SGDC),0.71,0.3,0.43,0.46, char ," (2, 3) "
561,Run #235 (SGDC),0.72,0.3,0.42,0.46, char ," (2, 3) "
562,Run #307 (SGDC),0.71,0.3,0.42,0.46, char ," (2, 5) "
563,Run #150 (RF),0.64,0.32,0.42,0.45, word ," (2, 3) "
564,Run #185 (RF),0.77,0.29,0.42,0.47, word ," (1, 3) "
565,Run #313 (SGDC),0.96,0.27,0.42,0.5, char ," (2, 5) "
566,Run #186 (RF),0.77,0.29,0.42,0.47, word ," (1, 3) "
567,Run #114 (RF),0.65,0.3,0.41,0.44, word ," (1, 2) "
568,Run #113 (RF),0.65,0.3,0.41,0.44, word ," (1, 2) "
569,Run #295 (SGDC),1.0,0.26,0.41,0.51, char ," (2, 5) "
570,Run #364 (SGDC),0.61,0.3,0.4,0.43, char ," (3, 5) "
571,Run #19 (RF),0.74,0.27,0.39,0.44, word ," (1, 1) "
572,Run #148 (SVM),0.75,0.27,0.39,0.44, word ," (2, 3) "
573,Run #112 (RF),0.63,0.28,0.39,0.42, word ," (1, 2) "
574,Run #366 (SGDC),0.62,0.29,0.39,0.42, char ," (3, 5) "
575,Run #184 (RF),0.78,0.26,0.39,0.44, word ," (1, 3) "
576,Run #150 (SVM),0.74,0.25,0.38,0.43, word ," (2, 3) "
577,Run #127 (RF),0.64,0.27,0.38,0.41, word ," (1, 2) "
578,Run #199 (SVM),0.71,0.26,0.38,0.43, word ," (1, 3) "
579,Run #150 (SGDC),0.62,0.27,0.37,0.4, word ," (2, 3) "
580,Run #213 (SVM),0.25,0.68,0.37,0.4, word ," (1, 3) "
581,Run #214 (SVM),0.25,0.68,0.37,0.41, word ," (1, 3) "
582,Run #212 (SVM),0.25,0.68,0.37,0.41, word ," (1, 3) "
583,Run #216 (SVM),0.25,0.68,0.37,0.41, word ," (1, 3) "
584,Run #149 (SVM),0.76,0.24,0.37,0.43, word ," (2, 3) "
585,Run #277 (SGDC),0.93,0.22,0.35,0.45, char ," (2, 4) "
586,Run #215 (SVM),0.23,0.68,0.35,0.39, word ," (1, 3) "
587,Run #180 (SVM),0.22,0.71,0.34,0.39, word ," (2, 3) "
588,Run #178 (SVM),0.22,0.71,0.34,0.39, word ," (2, 3) "
589,Run #257 (SGDC),0.84,0.21,0.34,0.42, char ," (2, 4) "
590,Run #31 (RF),0.57,0.24,0.34,0.37, word ," (1, 1) "
591,Run #343 (SGDC),0.89,0.21,0.34,0.43, char ," (3, 4) "
592,Run #176 (SVM),0.22,0.71,0.34,0.39, word ," (2, 3) "
593,Run #175 (SGDC),0.62,0.22,0.33,0.37, word ," (2, 3) "
594,Run #213 (RF),0.26,0.4,0.32,0.32, word ," (1, 3) "
595,Run #215 (RF),0.27,0.41,0.32,0.32, word ," (1, 3) "
596,Run #78 (RF),0.73,0.21,0.32,0.39, word ," (3, 3) "
597,Run #153 (SVM),0.95,0.19,0.32,0.42, word ," (2, 3) "
598,Run #41 (RF),0.8,0.2,0.32,0.4, word ," (2, 2) "
599,Run #152 (SVM),0.95,0.19,0.32,0.42, word ," (2, 3) "
600,Run #177 (SVM),0.2,0.66,0.31,0.36, word ," (2, 3) "
601,Run #179 (SVM),0.21,0.66,0.31,0.36, word ," (2, 3) "
602,Run #212 (RF),0.26,0.39,0.31,0.31, word ," (1, 3) "
603,Run #76 (RF),0.75,0.2,0.31,0.38, word ," (3, 3) "
604,Run #365 (SGDC),0.65,0.21,0.31,0.36, char ," (3, 5) "
605,Run #116 (SGDC),1.0,0.18,0.31,0.42, word ," (1, 2) "
606,Run #143 (RF),0.22,0.47,0.3,0.31, word ," (1, 2) "
607,Run #214 (RF),0.25,0.38,0.3,0.3, word ," (1, 3) "
608,Run #392 (SGDC),0.18,0.9,0.3,0.39, char ," (3, 5) "
609,Run #40 (RF),0.75,0.19,0.3,0.37, word ," (2, 2) "
610,Run #144 (SVM),0.18,0.85,0.29,0.38, word ," (1, 2) "
611,Run #77 (RF),0.71,0.18,0.29,0.36, word ," (3, 3) "
612,Run #13 (SGDC),0.22,0.43,0.29,0.3, word ," (1, 1) "
613,Run #394 (SGDC),0.17,0.9,0.29,0.38, char ," (3, 5) "
614,Run #350 (RF),0.18,0.81,0.29,0.37, char ," (3, 4) "
615,Run #353 (RF),0.18,0.81,0.29,0.37, char ," (3, 4) "
616,Run #143 (SVM),0.17,0.86,0.29,0.37, word ," (1, 2) "
617,Run #351 (RF),0.18,0.81,0.29,0.37, char ," (3, 4) "
618,Run #352 (RF),0.18,0.81,0.29,0.37, char ," (3, 4) "
619,Run #140 (SVM),0.17,0.86,0.29,0.37, word ," (1, 2) "
620,Run #216 (RF),0.25,0.37,0.29,0.29, word ," (1, 3) "
621,Run #354 (RF),0.18,0.81,0.29,0.37, char ," (3, 4) "
622,Run #127 (SVM),0.82,0.18,0.29,0.38, word ," (1, 2) "
623,Run #142 (SVM),0.17,0.86,0.29,0.37, word ," (1, 2) "
624,Run #141 (SVM),0.17,0.86,0.29,0.37, word ," (1, 2) "
625,Run #140 (RF),0.21,0.46,0.29,0.3, word ," (1, 2) "
626,Run #91 (RF),0.64,0.19,0.29,0.35, word ," (3, 3) "
627,Run #293 (SGDC),0.88,0.18,0.29,0.39, char ," (2, 5) "
628,Run #42 (RF),0.74,0.17,0.28,0.36, word ," (2, 2) "
629,Run #288 (SGDC),0.17,0.91,0.28,0.38, char ," (2, 4) "
630,Run #144 (RF),0.21,0.45,0.28,0.3, word ," (1, 2) "
631,Run #284 (SGDC),0.16,0.94,0.28,0.38, char ," (2, 4) "
632,Run #141 (RF),0.21,0.45,0.28,0.3, word ," (1, 2) "
633,Run #176 (RF),0.22,0.38,0.28,0.28, word ," (2, 3) "
634,Run #287 (SGDC),0.16,0.91,0.28,0.38, char ," (2, 4) "
635,Run #142 (RF),0.21,0.45,0.28,0.3, word ," (1, 2) "
636,Run #285 (SGDC),0.17,0.9,0.28,0.38, char ," (2, 4) "
637,Run #393 (SGDC),0.17,0.9,0.28,0.38, char ," (3, 5) "
638,Run #177 (RF),0.22,0.39,0.28,0.28, word ," (2, 3) "
639,Run #112 (SVM),0.93,0.16,0.28,0.39, word ," (1, 2) "
640,Run #178 (RF),0.22,0.39,0.28,0.28, word ," (2, 3) "
641,Run #133 (SVM),0.16,0.86,0.27,0.35, word ," (1, 2) "
642,Run #179 (RF),0.21,0.38,0.27,0.28, word ," (2, 3) "
643,Run #220 (SGDC),0.93,0.16,0.27,0.38, char ," (2, 3) "
644,Run #286 (SGDC),0.16,0.92,0.27,0.37, char ," (2, 4) "
645,Run #72 (RF),0.19,0.45,0.27,0.28, word ," (2, 2) "
646,Run #180 (RF),0.21,0.37,0.27,0.27, word ," (2, 3) "
647,Run #320 (SGDC),0.16,0.91,0.27,0.37, char ," (2, 5) "
648,Run #136 (RF),0.15,0.84,0.26,0.35, word ," (1, 2) "
649,Run #250 (SGDC),0.15,0.95,0.26,0.37, char ," (2, 3) "
650,Run #137 (RF),0.15,0.84,0.26,0.35, word ," (1, 2) "
651,Run #384 (SVM),0.16,0.69,0.26,0.32, char ," (3, 5) "
652,Run #138 (RF),0.15,0.84,0.26,0.35, word ," (1, 2) "
653,Run #380 (SVM),0.16,0.69,0.26,0.32, char ," (3, 5) "
654,Run #163 (SGDC),0.72,0.16,0.26,0.34, word ," (2, 3) "
655,Run #212 (SGDC),0.15,0.86,0.26,0.35, word ," (1, 3) "
656,Run #135 (RF),0.15,0.84,0.26,0.35, word ," (1, 2) "
657,Run #382 (SVM),0.16,0.69,0.26,0.32, char ," (3, 5) "
658,Run #134 (RF),0.15,0.84,0.26,0.35, word ," (1, 2) "
659,Run #383 (SVM),0.16,0.69,0.26,0.32, char ," (3, 5) "
660,Run #381 (SVM),0.16,0.69,0.26,0.32, char ," (3, 5) "
661,Run #5 (RF),0.73,0.15,0.25,0.33, word ," (1, 1) "
662,Run #252 (SGDC),0.14,0.95,0.25,0.36, char ," (2, 3) "
663,Run #6 (RF),0.79,0.15,0.25,0.34, word ," (1, 1) "
664,Run #68 (RF),0.18,0.41,0.25,0.26, word ," (2, 2) "
665,Run #248 (SGDC),0.15,0.95,0.25,0.36, char ," (2, 3) "
666,Run #4 (RF),0.79,0.15,0.25,0.34, word ," (1, 1) "
667,Run #323 (SGDC),0.15,0.93,0.25,0.36, char ," (2, 5) "
668,Run #251 (SGDC),0.14,0.95,0.25,0.36, char ," (2, 3) "
669,Run #186 (SVM),0.62,0.16,0.25,0.31, word ," (1, 3) "
670,Run #185 (SVM),0.62,0.16,0.25,0.31, word ," (1, 3) "
671,Run #91 (SVM),0.54,0.17,0.25,0.3, word ," (3, 3) "
672,Run #83 (SGDC),0.52,0.16,0.25,0.29, word ," (3, 3) "
673,Run #395 (SGDC),0.14,0.91,0.24,0.35, char ," (3, 5) "
674,Run #324 (SGDC),0.14,0.93,0.24,0.34, char ," (2, 5) "
675,Run #292 (SGDC),0.86,0.14,0.24,0.35, char ," (2, 5) "
676,Run #169 (SGDC),0.14,0.85,0.24,0.33, word ," (2, 3) "
677,Run #249 (SGDC),0.14,0.95,0.24,0.35, char ," (2, 3) "
678,Run #173 (RF),0.14,0.84,0.23,0.33, word ," (2, 3) "
679,Run #172 (RF),0.14,0.84,0.23,0.33, word ," (2, 3) "
680,Run #84 (SVM),0.41,0.16,0.23,0.25, word ," (3, 3) "
681,Run #185 (SGDC),0.73,0.13,0.23,0.31, word ," (1, 3) "
682,Run #174 (RF),0.14,0.84,0.23,0.33, word ," (2, 3) "
683,Run #70 (RF),0.16,0.38,0.23,0.24, word ," (2, 2) "
684,Run #171 (RF),0.14,0.84,0.23,0.33, word ," (2, 3) "
685,Run #71 (RF),0.16,0.38,0.23,0.24, word ," (2, 2) "
686,Run #170 (RF),0.14,0.84,0.23,0.33, word ," (2, 3) "
687,Run #308 (SVM),0.13,0.7,0.23,0.3, char ," (2, 5) "
688,Run #310 (SVM),0.13,0.7,0.23,0.29, char ," (2, 5) "
689,Run #311 (SVM),0.13,0.7,0.23,0.29, char ," (2, 5) "
690,Run #312 (SVM),0.14,0.71,0.23,0.3, char ," (2, 5) "
691,Run #321 (SGDC),0.13,0.93,0.23,0.34, char ," (2, 5) "
692,Run #106 (RF),0.17,0.35,0.23,0.23, word ," (3, 3) "
693,Run #275 (SVM),0.13,0.69,0.22,0.29, char ," (2, 4) "
694,Run #274 (SVM),0.13,0.69,0.22,0.29, char ," (2, 4) "
695,Run #273 (SVM),0.13,0.69,0.22,0.29, char ," (2, 4) "
696,Run #276 (SVM),0.13,0.69,0.22,0.29, char ," (2, 4) "
697,Run #309 (SVM),0.13,0.7,0.22,0.29, char ," (2, 5) "
698,Run #83 (SVM),0.4,0.15,0.22,0.24, word ," (3, 3) "
699,Run #184 (SVM),0.61,0.13,0.22,0.28, word ," (1, 3) "
700,Run #357 (SGDC),0.12,0.94,0.22,0.33, char ," (3, 4) "
701,Run #104 (RF),0.16,0.35,0.22,0.23, word ," (3, 3) "
702,Run #272 (SVM),0.13,0.69,0.22,0.29, char ," (2, 4) "
703,Run #107 (RF),0.16,0.34,0.22,0.23, word ," (3, 3) "
704,Run #69 (RF),0.16,0.36,0.22,0.23, word ," (2, 2) "
705,Run #315 (SVM),0.12,0.8,0.21,0.3, char ," (2, 5) "
706,Run #244 (RF),0.12,0.88,0.21,0.31, char ," (2, 3) "
707,Run #241 (SVM),0.12,0.88,0.21,0.31, char ," (2, 3) "
708,Run #242 (RF),0.12,0.88,0.21,0.31, char ," (2, 3) "
709,Run #105 (RF),0.16,0.32,0.21,0.22, word ," (3, 3) "
710,Run #243 (RF),0.12,0.88,0.21,0.31, char ," (2, 3) "
711,Run #314 (RF),0.12,0.78,0.21,0.29, char ," (2, 5) "
712,Run #346 (SVM),0.12,0.68,0.21,0.28, char ," (3, 4) "
713,Run #347 (SVM),0.12,0.68,0.21,0.28, char ," (3, 4) "
714,Run #311 (RF),0.13,0.51,0.21,0.25, char ," (2, 5) "
715,Run #186 (SGDC),0.77,0.12,0.21,0.3, word ," (1, 3) "
716,Run #245 (RF),0.12,0.88,0.21,0.31, char ," (2, 3) "
717,Run #108 (RF),0.16,0.32,0.21,0.22, word ," (3, 3) "
718,Run #179 (SGDC),0.12,0.89,0.21,0.31, word ," (2, 3) "
719,Run #246 (RF),0.12,0.88,0.21,0.31, char ," (2, 3) "
720,Run #314 (SVM),0.12,0.8,0.21,0.3, char ," (2, 5) "
721,Run #215 (SGDC),0.12,0.88,0.21,0.31, word ," (1, 3) "
722,Run #315 (RF),0.12,0.78,0.21,0.29, char ," (2, 5) "
723,Run #216 (SGDC),0.12,0.89,0.21,0.31, word ," (1, 3) "
724,Run #316 (RF),0.12,0.78,0.21,0.29, char ," (2, 5) "
725,Run #316 (SVM),0.12,0.8,0.21,0.3, char ," (2, 5) "
726,Run #317 (RF),0.12,0.78,0.21,0.29, char ," (2, 5) "
727,Run #317 (SVM),0.12,0.8,0.21,0.3, char ," (2, 5) "
728,Run #318 (RF),0.12,0.78,0.21,0.29, char ," (2, 5) "
729,Run #356 (SGDC),0.12,0.94,0.21,0.33, char ," (3, 4) "
730,Run #103 (SVM),0.34,0.15,0.21,0.23, word ," (3, 3) "
731,Run #318 (SVM),0.12,0.8,0.21,0.3, char ," (2, 5) "
732,Run #308 (RF),0.13,0.51,0.21,0.25, char ," (2, 5) "
733,Run #322 (SGDC),0.12,0.93,0.21,0.32, char ," (2, 5) "
734,Run #312 (RF),0.13,0.53,0.21,0.25, char ," (2, 5) "
735,Run #310 (RF),0.13,0.5,0.2,0.24, char ," (2, 5) "
736,Run #78 (SVM),0.61,0.12,0.2,0.27, word ," (3, 3) "
737,Run #309 (RF),0.13,0.5,0.2,0.24, char ," (2, 5) "
738,Run #345 (SVM),0.12,0.67,0.2,0.27, char ," (3, 4) "
739,Run #77 (SVM),0.61,0.12,0.2,0.27, word ," (3, 3) "
740,Run #348 (SVM),0.12,0.67,0.2,0.27, char ," (3, 4) "
741,Run #344 (SVM),0.12,0.68,0.2,0.27, char ," (3, 4) "
742,Run #55 (RF),0.52,0.12,0.2,0.25, word ," (2, 2) "
743,Run #82 (SVM),0.39,0.14,0.2,0.23, word ," (3, 3) "
744,Run #276 (RF),0.12,0.46,0.2,0.23, char ," (2, 4) "
745,Run #274 (RF),0.13,0.47,0.2,0.23, char ," (2, 4) "
746,Run #76 (SVM),0.61,0.12,0.2,0.27, word ," (3, 3) "
747,Run #140 (SGDC),0.11,0.91,0.2,0.3, word ," (1, 2) "
748,Run #272 (RF),0.13,0.47,0.2,0.23, char ," (2, 4) "
749,Run #114 (SVM),0.9,0.11,0.2,0.32, word ," (1, 2) "
750,Run #359 (SGDC),0.11,0.94,0.2,0.31, char ," (3, 4) "
751,Run #213 (SGDC),0.11,0.91,0.2,0.3, word ," (1, 3) "
752,Run #360 (SGDC),0.11,0.94,0.2,0.32, char ," (3, 4) "
753,Run #238 (RF),0.12,0.5,0.19,0.23, char ," (2, 3) "
754,Run #380 (RF),0.12,0.41,0.19,0.21, char ," (3, 5) "
755,Run #383 (RF),0.12,0.41,0.19,0.21, char ," (3, 5) "
756,Run #382 (RF),0.12,0.4,0.19,0.21, char ," (3, 5) "
757,Run #240 (SVM),0.11,0.71,0.19,0.27, char ," (2, 3) "
758,Run #239 (SVM),0.11,0.73,0.19,0.27, char ," (2, 3) "
759,Run #381 (RF),0.13,0.43,0.19,0.22, char ," (3, 5) "
760,Run #238 (SVM),0.11,0.71,0.19,0.27, char ," (2, 3) "
761,Run #384 (RF),0.12,0.4,0.19,0.21, char ," (3, 5) "
762,Run #237 (SVM),0.11,0.71,0.19,0.27, char ," (2, 3) "
763,Run #273 (RF),0.12,0.44,0.19,0.21, char ," (2, 4) "
764,Run #275 (RF),0.12,0.45,0.19,0.22, char ," (2, 4) "
765,Run #236 (SVM),0.11,0.71,0.19,0.27, char ," (2, 3) "
766,Run #141 (SGDC),0.11,0.92,0.19,0.3, word ," (1, 2) "
767,Run #84 (SGDC),0.5,0.11,0.18,0.23, word ," (3, 3) "
768,Run #239 (RF),0.11,0.49,0.18,0.22, char ," (2, 3) "
769,Run #237 (RF),0.11,0.47,0.18,0.22, char ," (2, 3) "
770,Run #240 (RF),0.11,0.49,0.18,0.22, char ," (2, 3) "
771,Run #236 (RF),0.11,0.49,0.18,0.22, char ," (2, 3) "
772,Run #177 (SGDC),0.1,0.94,0.18,0.29, word ," (2, 3) "
773,Run #358 (SGDC),0.1,0.95,0.18,0.3, char ," (3, 4) "
774,Run #144 (SGDC),0.1,0.93,0.18,0.29, word ," (1, 2) "
775,Run #149 (SGDC),0.67,0.1,0.18,0.26, word ," (2, 3) "
776,Run #214 (SGDC),0.1,0.88,0.18,0.28, word ," (1, 3) "
777,Run #178 (SGDC),0.1,0.94,0.17,0.28, word ," (2, 3) "
778,Run #352 (SGDC),0.1,0.9,0.17,0.28, char ," (3, 4) "
779,Run #352 (SVM),0.1,0.9,0.17,0.28, char ," (3, 4) "
780,Run #353 (SGDC),0.1,0.9,0.17,0.28, char ," (3, 4) "
781,Run #351 (SVM),0.1,0.9,0.17,0.28, char ," (3, 4) "
782,Run #353 (SVM),0.1,0.9,0.17,0.28, char ," (3, 4) "
783,Run #354 (SGDC),0.1,0.9,0.17,0.28, char ," (3, 4) "
784,Run #354 (SVM),0.1,0.9,0.17,0.28, char ," (3, 4) "
785,Run #136 (SVM),0.1,0.89,0.17,0.28, word ," (1, 2) "
786,Run #135 (SVM),0.1,0.89,0.17,0.28, word ," (1, 2) "
787,Run #137 (SVM),0.1,0.89,0.17,0.28, word ," (1, 2) "
788,Run #351 (SGDC),0.1,0.9,0.17,0.28, char ," (3, 4) "
789,Run #344 (RF),0.11,0.41,0.17,0.19, char ," (3, 4) "
790,Run #345 (RF),0.1,0.41,0.17,0.19, char ," (3, 4) "
791,Run #134 (SVM),0.1,0.89,0.17,0.28, word ," (1, 2) "
792,Run #138 (SVM),0.1,0.89,0.17,0.28, word ," (1, 2) "
793,Run #176 (SGDC),0.1,0.94,0.17,0.28, word ," (2, 3) "
794,Run #347 (RF),0.1,0.41,0.17,0.19, char ," (3, 4) "
795,Run #350 (SVM),0.1,0.9,0.17,0.28, char ," (3, 4) "
796,Run #348 (RF),0.11,0.41,0.17,0.2, char ," (3, 4) "
797,Run #350 (SGDC),0.1,0.9,0.17,0.28, char ," (3, 4) "
798,Run #173 (SVM),0.09,0.9,0.16,0.26, word ," (2, 3) "
799,Run #170 (SGDC),0.09,0.9,0.16,0.26, word ," (2, 3) "
800,Run #278 (RF),0.09,0.72,0.16,0.24, char ," (2, 4) "
801,Run #281 (RF),0.09,0.72,0.16,0.24, char ," (2, 4) "
802,Run #278 (SVM),0.09,0.72,0.16,0.24, char ," (2, 4) "
803,Run #279 (RF),0.09,0.72,0.16,0.24, char ," (2, 4) "
804,Run #279 (SVM),0.09,0.72,0.16,0.24, char ," (2, 4) "
805,Run #280 (RF),0.09,0.72,0.16,0.24, char ," (2, 4) "
806,Run #280 (SVM),0.09,0.72,0.16,0.24, char ," (2, 4) "
807,Run #170 (SVM),0.09,0.9,0.16,0.26, word ," (2, 3) "
808,Run #172 (SVM),0.09,0.9,0.16,0.26, word ," (2, 3) "
809,Run #281 (SVM),0.09,0.72,0.16,0.24, char ," (2, 4) "
810,Run #282 (RF),0.09,0.72,0.16,0.24, char ," (2, 4) "
811,Run #282 (SVM),0.09,0.72,0.16,0.24, char ," (2, 4) "
812,Run #171 (SVM),0.09,0.9,0.16,0.26, word ," (2, 3) "
813,Run #174 (SVM),0.09,0.9,0.16,0.26, word ," (2, 3) "
814,Run #46 (SVM),0.53,0.1,0.16,0.22, word ," (2, 2) "
815,Run #173 (SGDC),0.09,0.9,0.16,0.26, word ," (2, 3) "
816,Run #346 (RF),0.1,0.39,0.16,0.19, char ," (3, 4) "
817,Run #47 (SVM),0.53,0.1,0.16,0.22, word ," (2, 2) "
818,Run #48 (SVM),0.53,0.1,0.16,0.22, word ," (2, 2) "
819,Run #383 (SGDC),0.09,0.86,0.16,0.26, char ," (3, 5) "
820,Run #113 (SVM),0.88,0.09,0.16,0.28, word ," (1, 2) "
821,Run #112 (SGDC),0.78,0.09,0.16,0.26, word ," (1, 2) "
822,Run #206 (SGDC),0.08,0.92,0.15,0.26, word ," (1, 3) "
823,Run #165 (SGDC),0.08,0.73,0.15,0.23, word ," (2, 3) "
824,Run #204 (SVM),0.08,0.74,0.15,0.23, word ," (1, 3) "
825,Run #167 (SVM),0.08,0.68,0.15,0.22, word ," (2, 3) "
826,Run #209 (SVM),0.08,0.92,0.15,0.26, word ," (1, 3) "
827,Run #207 (SGDC),0.08,0.92,0.15,0.26, word ," (1, 3) "
828,Run #207 (SVM),0.08,0.92,0.15,0.26, word ," (1, 3) "
829,Run #208 (SGDC),0.08,0.92,0.15,0.26, word ," (1, 3) "
830,Run #143 (SGDC),0.08,0.93,0.15,0.26, word ," (1, 2) "
831,Run #208 (SVM),0.08,0.92,0.15,0.26, word ," (1, 3) "
832,Run #91 (SGDC),0.09,0.67,0.15,0.22, word ," (3, 3) "
833,Run #142 (SGDC),0.08,0.91,0.15,0.25, word ," (1, 2) "
834,Run #165 (SVM),0.08,0.68,0.15,0.22, word ," (2, 3) "
835,Run #168 (SVM),0.08,0.67,0.15,0.22, word ," (2, 3) "
836,Run #92 (SVM),0.08,0.57,0.15,0.2, word ," (3, 3) "
837,Run #203 (SVM),0.08,0.74,0.15,0.23, word ," (1, 3) "
838,Run #390 (SVM),0.08,0.88,0.15,0.25, char ," (3, 5) "
839,Run #210 (SVM),0.08,0.92,0.15,0.26, word ," (1, 3) "
840,Run #180 (SGDC),0.08,0.96,0.15,0.27, word ," (2, 3) "
841,Run #15 (SGDC),0.08,0.89,0.15,0.26, word ," (1, 1) "
842,Run #14 (SGDC),0.08,0.88,0.15,0.25, word ," (1, 1) "
843,Run #381 (SGDC),0.09,0.83,0.15,0.25, char ," (3, 5) "
844,Run #390 (RF),0.08,0.88,0.15,0.25, char ," (3, 5) "
845,Run #389 (SVM),0.08,0.88,0.15,0.25, char ," (3, 5) "
846,Run #389 (SGDC),0.08,0.88,0.15,0.25, char ," (3, 5) "
847,Run #388 (SVM),0.08,0.88,0.15,0.25, char ," (3, 5) "
848,Run #210 (SGDC),0.08,0.92,0.15,0.26, word ," (1, 3) "
849,Run #206 (SVM),0.08,0.92,0.15,0.26, word ," (1, 3) "
850,Run #386 (RF),0.08,0.88,0.15,0.25, char ," (3, 5) "
851,Run #201 (SVM),0.08,0.74,0.15,0.23, word ," (1, 3) "
852,Run #164 (SVM),0.09,0.7,0.15,0.23, word ," (2, 3) "
853,Run #166 (SGDC),0.08,0.72,0.15,0.22, word ," (2, 3) "
854,Run #166 (SVM),0.08,0.68,0.15,0.22, word ," (2, 3) "
855,Run #167 (SGDC),0.08,0.77,0.15,0.23, word ," (2, 3) "
856,Run #388 (RF),0.08,0.88,0.15,0.25, char ," (3, 5) "
857,Run #93 (SVM),0.08,0.57,0.15,0.2, word ," (3, 3) "
858,Run #94 (SVM),0.08,0.57,0.15,0.2, word ," (3, 3) "
859,Run #386 (SGDC),0.08,0.88,0.15,0.25, char ," (3, 5) "
860,Run #200 (SVM),0.08,0.74,0.15,0.23, word ," (1, 3) "
861,Run #95 (SGDC),0.08,0.68,0.15,0.22, word ," (3, 3) "
862,Run #95 (SVM),0.08,0.57,0.15,0.2, word ," (3, 3) "
863,Run #202 (SVM),0.08,0.74,0.15,0.23, word ," (1, 3) "
864,Run #386 (SVM),0.08,0.88,0.15,0.25, char ," (3, 5) "
865,Run #387 (RF),0.08,0.88,0.15,0.25, char ," (3, 5) "
866,Run #202 (SGDC),0.08,0.8,0.15,0.24, word ," (1, 3) "
867,Run #387 (SGDC),0.08,0.88,0.15,0.25, char ," (3, 5) "
868,Run #389 (RF),0.08,0.88,0.15,0.25, char ," (3, 5) "
869,Run #96 (SVM),0.08,0.57,0.15,0.2, word ," (3, 3) "
870,Run #387 (SVM),0.08,0.88,0.15,0.25, char ," (3, 5) "
871,Run #168 (SGDC),0.08,0.76,0.14,0.22, word ," (2, 3) "
872,Run #93 (SGDC),0.08,0.67,0.14,0.21, word ," (3, 3) "
873,Run #164 (SGDC),0.08,0.77,0.14,0.23, word ," (2, 3) "
874,Run #103 (SGDC),0.46,0.08,0.14,0.2, word ," (3, 3) "
875,Run #32 (RF),0.09,0.33,0.14,0.16, word ," (1, 1) "
876,Run #70 (SVM),0.08,0.71,0.14,0.22, word ," (2, 2) "
877,Run #114 (SGDC),0.75,0.08,0.14,0.24, word ," (1, 2) "
878,Run #72 (SVM),0.08,0.71,0.14,0.22, word ," (2, 2) "
879,Run #318 (SGDC),0.08,0.86,0.14,0.24, char ," (2, 5) "
880,Run #316 (SGDC),0.08,0.86,0.14,0.24, char ," (2, 5) "
881,Run #16 (SGDC),0.07,0.9,0.14,0.24, word ," (1, 1) "
882,Run #18 (SGDC),0.08,0.9,0.14,0.25, word ," (1, 1) "
883,Run #94 (SGDC),0.08,0.68,0.14,0.22, word ," (3, 3) "
884,Run #36 (RF),0.09,0.33,0.14,0.16, word ," (1, 1) "
885,Run #309 (SGDC),0.07,0.86,0.14,0.24, char ," (2, 5) "
886,Run #34 (RF),0.09,0.33,0.14,0.16, word ," (1, 1) "
887,Run #33 (RF),0.09,0.33,0.14,0.16, word ," (1, 1) "
888,Run #96 (SGDC),0.08,0.65,0.14,0.21, word ," (3, 3) "
889,Run #35 (RF),0.09,0.33,0.14,0.16, word ," (1, 1) "
890,Run #71 (SVM),0.08,0.71,0.14,0.22, word ," (2, 2) "
891,Run #68 (SVM),0.08,0.71,0.14,0.22, word ," (2, 2) "
892,Run #210 (RF),0.08,0.91,0.14,0.25, word ," (1, 3) "
893,Run #242 (SVM),0.08,0.92,0.14,0.25, char ," (2, 3) "
894,Run #204 (SGDC),0.08,0.76,0.14,0.23, word ," (1, 3) "
895,Run #203 (SGDC),0.07,0.8,0.14,0.23, word ," (1, 3) "
896,Run #274 (SGDC),0.07,0.89,0.14,0.24, char ," (2, 4) "
897,Run #246 (SVM),0.08,0.92,0.14,0.25, char ," (2, 3) "
898,Run #92 (SGDC),0.08,0.68,0.14,0.22, word ," (3, 3) "
899,Run #206 (RF),0.08,0.91,0.14,0.25, word ," (1, 3) "
900,Run #243 (SVM),0.08,0.92,0.14,0.25, char ," (2, 3) "
901,Run #245 (SVM),0.08,0.92,0.14,0.25, char ," (2, 3) "
902,Run #67 (SVM),0.08,0.69,0.14,0.21, word ," (2, 2) "
903,Run #207 (RF),0.08,0.91,0.14,0.25, word ," (1, 3) "
904,Run #209 (RF),0.08,0.91,0.14,0.25, word ," (1, 3) "
905,Run #276 (SGDC),0.08,0.87,0.14,0.24, char ," (2, 4) "
906,Run #244 (SVM),0.08,0.92,0.14,0.25, char ," (2, 3) "
907,Run #69 (SVM),0.08,0.71,0.14,0.22, word ," (2, 2) "
908,Run #208 (RF),0.08,0.91,0.14,0.25, word ," (1, 3) "
909,Run #384 (SGDC),0.07,0.86,0.13,0.23, char ," (3, 5) "
910,Run #167 (RF),0.07,0.57,0.13,0.19, word ," (2, 3) "
911,Run #92 (RF),0.08,0.5,0.13,0.18, word ," (3, 3) "
912,Run #166 (RF),0.07,0.57,0.13,0.19, word ," (2, 3) "
913,Run #345 (SGDC),0.07,0.79,0.13,0.22, char ," (3, 4) "
914,Run #168 (RF),0.08,0.59,0.13,0.19, word ," (2, 3) "
915,Run #201 (SGDC),0.07,0.82,0.13,0.22, word ," (1, 3) "
916,Run #96 (RF),0.08,0.5,0.13,0.18, word ," (3, 3) "
917,Run #164 (RF),0.07,0.56,0.13,0.18, word ," (2, 3) "
918,Run #380 (SGDC),0.07,0.87,0.13,0.23, char ," (3, 5) "
919,Run #94 (RF),0.08,0.5,0.13,0.18, word ," (3, 3) "
920,Run #93 (RF),0.08,0.5,0.13,0.18, word ," (3, 3) "
921,Run #118 (SGDC),0.7,0.07,0.13,0.22, word ," (1, 2) "
922,Run #165 (RF),0.07,0.57,0.13,0.19, word ," (2, 3) "
923,Run #95 (RF),0.08,0.5,0.13,0.18, word ," (3, 3) "
924,Run #200 (SGDC),0.07,0.82,0.13,0.22, word ," (1, 3) "
925,Run #131 (RF),0.06,0.55,0.12,0.17, word ," (1, 2) "
926,Run #200 (RF),0.07,0.58,0.12,0.18, word ," (1, 3) "
927,Run #130 (RF),0.06,0.55,0.12,0.17, word ," (1, 2) "
928,Run #201 (RF),0.07,0.57,0.12,0.18, word ," (1, 3) "
929,Run #132 (RF),0.06,0.55,0.12,0.17, word ," (1, 2) "
930,Run #55 (SVM),0.6,0.07,0.12,0.2, word ," (2, 2) "
931,Run #129 (RF),0.06,0.55,0.12,0.17, word ," (1, 2) "
932,Run #202 (RF),0.07,0.58,0.12,0.18, word ," (1, 3) "
933,Run #203 (RF),0.07,0.57,0.12,0.18, word ," (1, 3) "
934,Run #310 (SGDC),0.07,0.88,0.12,0.22, char ," (2, 5) "
935,Run #204 (RF),0.07,0.55,0.12,0.17, word ," (1, 3) "
936,Run #128 (RF),0.07,0.56,0.12,0.18, word ," (1, 2) "
937,Run #199 (SGDC),0.83,0.07,0.12,0.23, word ," (1, 3) "
938,Run #382 (SGDC),0.06,0.87,0.12,0.22, char ," (3, 5) "
939,Run #272 (SGDC),0.06,0.93,0.11,0.21, char ," (2, 4) "
940,Run #273 (SGDC),0.06,0.91,0.11,0.22, char ," (2, 4) "
941,Run #347 (SGDC),0.06,0.8,0.11,0.2, char ," (3, 4) "
942,Run #344 (SGDC),0.06,0.79,0.11,0.2, char ," (3, 4) "
943,Run #348 (SGDC),0.06,0.8,0.11,0.2, char ," (3, 4) "
944,Run #238 (SGDC),0.06,0.91,0.11,0.22, char ," (2, 3) "
945,Run #148 (SGDC),0.5,0.06,0.11,0.18, word ," (2, 3) "
946,Run #312 (SGDC),0.06,0.89,0.11,0.21, char ," (2, 5) "
947,Run #311 (SGDC),0.06,0.89,0.11,0.21, char ," (2, 5) "
948,Run #308 (SGDC),0.06,0.89,0.11,0.21, char ," (2, 5) "
949,Run #275 (SGDC),0.05,0.94,0.1,0.2, char ," (2, 4) "
950,Run #138 (SGDC),0.05,0.93,0.1,0.19, word ," (1, 2) "
951,Run #17 (SGDC),0.05,0.92,0.1,0.2, word ," (1, 1) "
952,Run #136 (SGDC),0.05,0.93,0.1,0.19, word ," (1, 2) "
953,Run #78 (SGDC),0.83,0.05,0.1,0.21, word ," (3, 3) "
954,Run #134 (SGDC),0.05,0.93,0.1,0.19, word ," (1, 2) "
955,Run #137 (SGDC),0.05,0.93,0.1,0.19, word ," (1, 2) "
956,Run #135 (SGDC),0.05,0.93,0.1,0.19, word ," (1, 2) "
957,Run #346 (SGDC),0.05,0.84,0.1,0.19, char ," (3, 4) "
958,Run #240 (SGDC),0.05,0.91,0.1,0.2, char ," (2, 3) "
959,Run #278 (SGDC),0.06,0.78,0.1,0.19, char ," (2, 4) "
960,Run #279 (SGDC),0.06,0.78,0.1,0.19, char ," (2, 4) "
961,Run #280 (SGDC),0.06,0.78,0.1,0.19, char ," (2, 4) "
962,Run #58 (SVM),0.05,0.8,0.09,0.17, word ," (2, 2) "
963,Run #19 (SGDC),0.05,0.32,0.09,0.1, word ," (1, 1) "
964,Run #98 (SGDC),0.05,0.94,0.09,0.18, word ," (3, 3) "
965,Run #58 (SGDC),0.05,0.86,0.09,0.18, word ," (2, 2) "
966,Run #57 (SGDC),0.05,0.88,0.09,0.18, word ," (2, 2) "
967,Run #57 (SVM),0.05,0.8,0.09,0.17, word ," (2, 2) "
968,Run #60 (SGDC),0.05,0.88,0.09,0.18, word ," (2, 2) "
969,Run #59 (SVM),0.05,0.8,0.09,0.17, word ," (2, 2) "
970,Run #59 (SGDC),0.05,0.86,0.09,0.18, word ," (2, 2) "
971,Run #100 (SVM),0.05,0.94,0.09,0.18, word ," (3, 3) "
972,Run #99 (SVM),0.05,0.94,0.09,0.18, word ," (3, 3) "
973,Run #97 (SVM),0.05,0.94,0.09,0.18, word ," (3, 3) "
974,Run #60 (SVM),0.05,0.81,0.09,0.17, word ," (2, 2) "
975,Run #100 (RF),0.05,0.94,0.09,0.18, word ," (3, 3) "
976,Run #100 (SGDC),0.05,0.94,0.09,0.18, word ," (3, 3) "
977,Run #98 (RF),0.05,0.94,0.09,0.18, word ," (3, 3) "
978,Run #97 (SGDC),0.05,0.94,0.09,0.18, word ," (3, 3) "
979,Run #97 (RF),0.05,0.94,0.09,0.18, word ," (3, 3) "
980,Run #99 (RF),0.05,0.94,0.09,0.18, word ," (3, 3) "
981,Run #70 (SGDC),0.05,0.76,0.09,0.16, word ," (2, 2) "
982,Run #98 (SVM),0.05,0.94,0.09,0.18, word ," (3, 3) "
983,Run #56 (SGDC),0.05,0.88,0.09,0.18, word ," (2, 2) "
984,Run #55 (SGDC),0.05,0.84,0.09,0.18, word ," (2, 2) "
985,Run #56 (SVM),0.05,0.8,0.09,0.17, word ," (2, 2) "
986,Run #99 (SGDC),0.05,0.94,0.09,0.18, word ," (3, 3) "
987,Run #102 (SVM),0.05,0.94,0.09,0.18, word ," (3, 3) "
988,Run #171 (SGDC),0.05,0.91,0.09,0.18, word ," (2, 3) "
989,Run #82 (SGDC),0.8,0.05,0.09,0.2, word ," (3, 3) "
990,Run #101 (SVM),0.05,0.94,0.09,0.18, word ," (3, 3) "
991,Run #102 (RF),0.05,0.94,0.09,0.18, word ," (3, 3) "
992,Run #102 (SGDC),0.05,0.94,0.09,0.18, word ," (3, 3) "
993,Run #239 (SGDC),0.05,0.91,0.09,0.19, char ," (2, 3) "
994,Run #69 (SGDC),0.05,0.78,0.09,0.17, word ," (2, 2) "
995,Run #174 (SGDC),0.05,0.91,0.09,0.18, word ," (2, 3) "
996,Run #101 (SGDC),0.05,0.94,0.09,0.18, word ," (3, 3) "
997,Run #172 (SGDC),0.05,0.91,0.09,0.18, word ," (2, 3) "
998,Run #237 (SGDC),0.05,0.91,0.09,0.19, char ," (2, 3) "
999,Run #101 (RF),0.05,0.94,0.09,0.18, word ," (3, 3) "
1000,Run #236 (SGDC),0.05,0.94,0.09,0.19, char ," (2, 3) "
1001,Run #41 (SVM),0.44,0.05,0.09,0.15, word ," (2, 2) "
1002,Run #57 (RF),0.04,0.71,0.08,0.15, word ," (2, 2) "
1003,Run #107 (SVM),0.04,0.72,0.08,0.16, word ," (3, 3) "
1004,Run #390 (SGDC),0.04,0.91,0.08,0.17, char ," (3, 5) "
1005,Run #59 (RF),0.04,0.7,0.08,0.15, word ," (2, 2) "
1006,Run #242 (SGDC),0.04,0.95,0.08,0.18, char ," (2, 3) "
1007,Run #388 (SGDC),0.04,0.91,0.08,0.17, char ," (3, 5) "
1008,Run #104 (SVM),0.04,0.72,0.08,0.16, word ," (3, 3) "
1009,Run #244 (SGDC),0.04,0.95,0.08,0.18, char ," (2, 3) "
1010,Run #205 (SGDC),0.04,0.95,0.08,0.18, word ," (1, 3) "
1011,Run #209 (SGDC),0.04,0.95,0.08,0.18, word ," (1, 3) "
1012,Run #127 (SGDC),0.04,0.82,0.08,0.16, word ," (1, 2) "
1013,Run #131 (SGDC),0.04,0.82,0.08,0.16, word ," (1, 2) "
1014,Run #315 (SGDC),0.04,0.92,0.08,0.17, char ," (2, 5) "
1015,Run #246 (SGDC),0.04,0.95,0.08,0.18, char ," (2, 3) "
1016,Run #108 (SVM),0.04,0.72,0.08,0.16, word ," (3, 3) "
1017,Run #106 (SVM),0.04,0.72,0.08,0.16, word ," (3, 3) "
1018,Run #132 (SVM),0.04,0.81,0.08,0.16, word ," (1, 2) "
1019,Run #132 (SGDC),0.04,0.81,0.08,0.16, word ," (1, 2) "
1020,Run #317 (SGDC),0.04,0.92,0.08,0.17, char ," (2, 5) "
1021,Run #56 (RF),0.04,0.68,0.08,0.14, word ," (2, 2) "
1022,Run #131 (SVM),0.04,0.81,0.08,0.16, word ," (1, 2) "
1023,Run #58 (RF),0.04,0.68,0.08,0.14, word ," (2, 2) "
1024,Run #128 (SGDC),0.04,0.82,0.08,0.16, word ," (1, 2) "
1025,Run #314 (SGDC),0.04,0.92,0.08,0.17, char ," (2, 5) "
1026,Run #130 (SVM),0.04,0.81,0.08,0.16, word ," (1, 2) "
1027,Run #60 (RF),0.04,0.68,0.08,0.14, word ," (2, 2) "
1028,Run #130 (SGDC),0.04,0.82,0.08,0.16, word ," (1, 2) "
1029,Run #129 (SVM),0.04,0.81,0.08,0.16, word ," (1, 2) "
1030,Run #129 (SGDC),0.04,0.82,0.08,0.16, word ," (1, 2) "
1031,Run #105 (SVM),0.04,0.72,0.08,0.16, word ," (3, 3) "
1032,Run #128 (SVM),0.04,0.81,0.08,0.16, word ," (1, 2) "
1033,Run #107 (SGDC),0.04,0.9,0.07,0.16, word ," (3, 3) "
1034,Run #42 (SVM),0.38,0.04,0.07,0.12, word ," (2, 2) "
1035,Run #104 (SGDC),0.04,0.9,0.07,0.16, word ," (3, 3) "
1036,Run #108 (SGDC),0.03,0.9,0.07,0.15, word ," (3, 3) "
1037,Run #36 (SVM),0.04,0.76,0.07,0.14, word ," (1, 1) "
1038,Run #35 (SVM),0.04,0.76,0.07,0.14, word ," (1, 1) "
1039,Run #34 (SVM),0.04,0.76,0.07,0.14, word ," (1, 1) "
1040,Run #33 (SVM),0.04,0.76,0.07,0.14, word ," (1, 1) "
1041,Run #105 (SGDC),0.04,0.9,0.07,0.16, word ," (3, 3) "
1042,Run #32 (SVM),0.04,0.76,0.07,0.14, word ," (1, 1) "
1043,Run #184 (SGDC),0.75,0.04,0.07,0.16, word ," (1, 3) "
1044,Run #189 (SGDC),1.0,0.04,0.07,0.19, word ," (1, 3) "
1045,Run #106 (SGDC),0.03,0.9,0.07,0.16, word ," (3, 3) "
1046,Run #31 (SGDC),0.05,0.16,0.07,0.07, word ," (1, 1) "
1047,Run #282 (SGDC),0.03,0.88,0.06,0.15, char ," (2, 4) "
1048,Run #281 (SGDC),0.03,0.88,0.06,0.15, char ," (2, 4) "
1049,Run #48 (SGDC),0.23,0.03,0.06,0.08, word ," (2, 2) "
1050,Run #245 (SGDC),0.02,0.96,0.05,0.12, char ," (2, 3) "
1051,Run #22 (SGDC),0.02,0.91,0.05,0.11, word ," (1, 1) "
1052,Run #72 (SGDC),0.02,0.91,0.05,0.12, word ," (2, 2) "
1053,Run #63 (SGDC),0.03,0.98,0.05,0.13, word ," (2, 2) "
1054,Run #63 (SVM),0.03,0.98,0.05,0.13, word ," (2, 2) "
1055,Run #64 (RF),0.03,0.98,0.05,0.13, word ," (2, 2) "
1056,Run #68 (SGDC),0.02,0.93,0.05,0.11, word ," (2, 2) "
1057,Run #64 (SGDC),0.03,0.98,0.05,0.13, word ," (2, 2) "
1058,Run #64 (SVM),0.03,0.98,0.05,0.13, word ," (2, 2) "
1059,Run #19 (SVM),0.02,0.91,0.05,0.11, word ," (1, 1) "
1060,Run #67 (SGDC),0.03,0.7,0.05,0.1, word ," (2, 2) "
1061,Run #66 (SVM),0.03,0.98,0.05,0.13, word ," (2, 2) "
1062,Run #65 (RF),0.03,0.98,0.05,0.13, word ," (2, 2) "
1063,Run #65 (SGDC),0.03,0.98,0.05,0.13, word ," (2, 2) "
1064,Run #23 (SGDC),0.02,0.91,0.05,0.11, word ," (1, 1) "
1065,Run #31 (SVM),0.02,0.83,0.05,0.11, word ," (1, 1) "
1066,Run #65 (SVM),0.03,0.98,0.05,0.13, word ," (2, 2) "
1067,Run #66 (RF),0.03,0.98,0.05,0.13, word ," (2, 2) "
1068,Run #66 (SGDC),0.03,0.98,0.05,0.13, word ," (2, 2) "
1069,Run #22 (SVM),0.02,0.89,0.05,0.11, word ," (1, 1) "
1070,Run #63 (RF),0.03,0.98,0.05,0.13, word ," (2, 2) "
1071,Run #21 (SVM),0.02,0.89,0.05,0.11, word ," (1, 1) "
1072,Run #62 (SVM),0.03,0.98,0.05,0.13, word ," (2, 2) "
1073,Run #113 (SGDC),1.0,0.03,0.05,0.16, word ," (1, 2) "
1074,Run #23 (SVM),0.02,0.89,0.05,0.11, word ," (1, 1) "
1075,Run #24 (SGDC),0.02,0.91,0.05,0.11, word ," (1, 1) "
1076,Run #24 (SVM),0.02,0.89,0.05,0.11, word ," (1, 1) "
1077,Run #40 (SVM),0.29,0.03,0.05,0.08, word ," (2, 2) "
1078,Run #71 (SGDC),0.02,0.91,0.05,0.12, word ," (2, 2) "
1079,Run #36 (SGDC),0.02,0.84,0.05,0.11, word ," (1, 1) "
1080,Run #20 (SGDC),0.02,0.91,0.05,0.11, word ," (1, 1) "
1081,Run #241 (SGDC),0.02,0.96,0.05,0.12, char ," (2, 3) "
1082,Run #35 (SGDC),0.03,0.8,0.05,0.12, word ," (1, 1) "
1083,Run #61 (RF),0.03,0.98,0.05,0.13, word ," (2, 2) "
1084,Run #20 (SVM),0.02,0.89,0.05,0.11, word ," (1, 1) "
1085,Run #61 (SGDC),0.03,0.98,0.05,0.13, word ," (2, 2) "
1086,Run #61 (SVM),0.03,0.98,0.05,0.13, word ," (2, 2) "
1087,Run #34 (SGDC),0.02,0.84,0.05,0.11, word ," (1, 1) "
1088,Run #62 (RF),0.03,0.98,0.05,0.13, word ," (2, 2) "
1089,Run #62 (SGDC),0.03,0.98,0.05,0.13, word ," (2, 2) "
1090,Run #243 (SGDC),0.02,0.96,0.05,0.12, char ," (2, 3) "
1091,Run #33 (SGDC),0.02,0.84,0.05,0.11, word ," (1, 1) "
1092,Run #21 (SGDC),0.02,0.91,0.05,0.11, word ," (1, 1) "
1093,Run #32 (SGDC),0.02,0.84,0.05,0.11, word ," (1, 1) "
1094,Run #21 (RF),0.02,0.84,0.04,0.1, word ," (1, 1) "
1095,Run #20 (RF),0.02,0.84,0.04,0.1, word ," (1, 1) "
1096,Run #22 (RF),0.02,0.84,0.04,0.1, word ," (1, 1) "
1097,Run #46 (SGDC),0.33,0.02,0.04,0.08, word ," (2, 2) "
1098,Run #23 (RF),0.02,0.84,0.04,0.1, word ," (1, 1) "
1099,Run #47 (SGDC),0.25,0.02,0.04,0.07, word ," (2, 2) "
1100,Run #24 (RF),0.02,0.84,0.04,0.1, word ," (1, 1) "
1101,Run #27 (SGDC),0.01,0.98,0.03,0.07, word ," (1, 1) "
1102,Run #29 (RF),0.01,0.98,0.03,0.07, word ," (1, 1) "
1103,Run #25 (RF),0.01,0.98,0.03,0.07, word ," (1, 1) "
1104,Run #25 (SGDC),0.01,0.98,0.03,0.07, word ," (1, 1) "
1105,Run #25 (SVM),0.01,0.98,0.03,0.07, word ," (1, 1) "
1106,Run #26 (RF),0.01,0.98,0.03,0.07, word ," (1, 1) "
1107,Run #26 (SGDC),0.01,0.98,0.03,0.07, word ," (1, 1) "
1108,Run #26 (SVM),0.01,0.98,0.03,0.07, word ," (1, 1) "
1109,Run #27 (RF),0.01,0.98,0.03,0.07, word ," (1, 1) "
1110,Run #28 (RF),0.01,0.98,0.03,0.07, word ," (1, 1) "
1111,Run #28 (SVM),0.01,0.98,0.03,0.07, word ," (1, 1) "
1112,Run #27 (SVM),0.01,0.98,0.03,0.07, word ," (1, 1) "
1113,Run #29 (SGDC),0.01,0.98,0.03,0.07, word ," (1, 1) "
1114,Run #30 (SVM),0.01,0.98,0.03,0.07, word ," (1, 1) "
1115,Run #29 (SVM),0.01,0.98,0.03,0.07, word ," (1, 1) "
1116,Run #30 (RF),0.01,0.98,0.03,0.07, word ," (1, 1) "
1117,Run #30 (SGDC),0.01,0.98,0.03,0.07, word ," (1, 1) "
1118,Run #3 (SGDC),0.2,0.01,0.02,0.05, word ," (1, 1) "
1119,Run #40 (SGDC),0.2,0.01,0.02,0.05, word ," (2, 2) "
1120,Run #76 (SGDC),1.0,0.01,0.02,0.1, word ," (3, 3) "
1121,Run #77 (SGDC),1.0,0.01,0.02,0.1, word ," (3, 3) "
1122,Run #2 (SGDC),0.2,0.01,0.02,0.05, word ," (1, 1) "
1123,Run #1 (SGDC),0.5,0.01,0.02,0.08, word ," (1, 1) "
1124,Run #5 (SGDC),0.0,0.0,0.0,0.0, word ," (1, 1) "
1125,Run #224 (SGDC),0.0,0.0,0.0,0.0, char ," (2, 3) "
1126,Run #223 (SGDC),0.0,0.0,0.0,0.0, char ," (2, 3) "
1127,Run #224 (SVM),0.0,0.0,0.0,0.0, char ," (2, 3) "
1128,Run #4 (SVM),0.0,0.0,0.0,0.0, word ," (1, 1) "
1129,Run #4 (SGDC),0.0,0.0,0.0,0.0, word ," (1, 1) "
1130,Run #115 (SGDC),0.0,0.0,0.0,0.0, word ," (1, 2) "
1131,Run #79 (SVM),0.0,0.0,0.0,0.0, word ," (3, 3) "
1132,Run #5 (SVM),0.0,0.0,0.0,0.0, word ," (1, 1) "
1133,Run #44 (SVM),0.0,0.0,0.0,0.0, word ," (2, 2) "
1134,Run #28 (SGDC),0.0,0.0,0.0,0.0, word ," (1, 1) "
1135,Run #225 (SVM),0.0,0.0,0.0,0.0, char ," (2, 3) "
1136,Run #41 (SGDC),0.0,0.0,0.0,-0.0, word ," (2, 2) "
1137,Run #42 (SGDC),0.0,0.0,0.0,0.0, word ," (2, 2) "
1138,Run #297 (SGDC),0.0,0.0,0.0,0.0, char ," (2, 5) "
1139,Run #296 (SGDC),0.0,0.0,0.0,0.0, char ," (2, 5) "
1140,Run #43 (RF),0.0,0.0,0.0,0.0, word ," (2, 2) "
1141,Run #43 (SGDC),0.0,0.0,0.0,0.0, word ," (2, 2) "
1142,Run #43 (SVM),0.0,0.0,0.0,0.0, word ," (2, 2) "
1143,Run #44 (RF),0.0,0.0,0.0,0.0, word ," (2, 2) "
1144,Run #44 (SGDC),0.0,0.0,0.0,0.0, word ," (2, 2) "
1145,Run #45 (RF),0.0,0.0,0.0,0.0, word ," (2, 2) "
1146,Run #6 (SGDC),0.0,0.0,0.0,0.0, word ," (1, 1) "
1147,Run #45 (SGDC),0.0,0.0,0.0,0.0, word ," (2, 2) "
1148,Run #45 (SVM),0.0,0.0,0.0,0.0, word ," (2, 2) "
1149,Run #187 (SGDC),0.0,0.0,0.0,0.0, word ," (1, 3) "
1150,Run #79 (RF),0.0,0.0,0.0,0.0, word ," (3, 3) "
1151,Run #81 (SVM),0.0,0.0,0.0,0.0, word ," (3, 3) "
1152,Run #81 (SGDC),0.0,0.0,0.0,0.0, word ," (3, 3) "
1153,Run #81 (RF),0.0,0.0,0.0,0.0, word ," (3, 3) "
1154,Run #80 (SVM),0.0,0.0,0.0,0.0, word ," (3, 3) "
1155,Run #80 (SGDC),0.0,0.0,0.0,0.0, word ," (3, 3) "
1156,Run #80 (RF),0.0,0.0,0.0,0.0, word ," (3, 3) "
1157,Run #79 (SGDC),0.0,0.0,0.0,0.0, word ," (3, 3) "
1158,Run #331 (SGDC),0.0,0.0,0.0,0.0, char ," (3, 4) "
1159,Run #332 (SGDC),0.0,0.0,0.0,0.0, char ," (3, 4) "
1160,Run #333 (SGDC),0.0,0.0,0.0,0.0, char ," (3, 4) "
1161,Run #153 (SGDC),0.0,0.0,0.0,0.0, word ," (2, 3) "
1162,Run #6 (SVM),0.0,0.0,0.0,0.0, word ," (1, 1) "
1163,Run #7 (RF),0.0,0.0,0.0,0.0, word ," (1, 1) "
1164,Run #7 (SGDC),0.0,0.0,0.0,0.0, word ," (1, 1) "
1165,Run #7 (SVM),0.0,0.0,0.0,0.0, word ," (1, 1) "
1166,Run #8 (RF),0.0,0.0,0.0,0.0, word ," (1, 1) "
1167,Run #8 (SGDC),0.0,0.0,0.0,0.0, word ," (1, 1) "
1168,Run #8 (SVM),0.0,0.0,0.0,0.0, word ," (1, 1) "
1169,Run #9 (RF),0.0,0.0,0.0,0.0, word ," (1, 1) "
1170,Run #9 (SGDC),0.0,0.0,0.0,0.0, word ," (1, 1) "
1171,Run #9 (SVM),0.0,0.0,0.0,0.0, word ," (1, 1) "
1172,Run #10 (SGDC),0.0,0.0,0.0,0.0, word ," (1, 1) "
1173,Run #10 (SVM),0.0,0.0,0.0,0.0, word ," (1, 1) "
1174,Run #11 (SGDC),0.0,0.0,0.0,0.0, word ," (1, 1) "
1175,Run #11 (SVM),0.0,0.0,0.0,0.0, word ," (1, 1) "
1176,Run #12 (SGDC),0.0,0.0,0.0,0.0, word ," (1, 1) "
1177,Run #12 (SVM),0.0,0.0,0.0,0.0, word ," (1, 1) "
1178,Run #368 (SGDC),0.0,0.0,0.0,0.0, char ," (3, 5) "
1179,Run #133 (SGDC),0.0,0.0,0.0,0.0, word ," (1, 2) "
1180,Run #225 (SGDC),0.0,0.0,0.0,0.0, char ," (2, 3) "
1181,Run #349 (SGDC),0.0,0.0,0.0,0.0, char ," (3, 4) "
1182,Run #151 (SGDC),0.0,0.0,0.0,0.0, word ," (2, 3) "
1183,Run #151 (SVM),0.0,0.0,0.0,0.0, word ," (2, 3) "
1184,Run #152 (SGDC),0.0,0.0,0.0,0.0, word ," (2, 3) "
1185,Run #223 (SVM),0.0,0.0,0.0,0.0, char ," (2, 3) "
